target_id,status,timestamp
CHEMBL204,completed,2026-09-28T15:26:59.839437
CHEMBL206,completed,2026-09-28T15:26:59.839437
CHEMBL208,completed,2026-09-28T15:26:59.839437
CHEMBL211,completed,2026-09-28T15:26:59.839437
CHEMBL214,completed,2026-09-28T15:26:59.839437
CHEMBL1867,completed,2026-09-28T15:26:59.839437
CHEMBL1871,completed,2026-09-28T15:26:59.839437
CHEMBL1963,completed,2026-09-28T15:26:59.839437
CHEMBL1951,completed,2026-09-28T15:26:59.839437
CHEMBL2056,completed,2026-09-28T15:26:59.839437
CHEMBL220,completed,2026-09-28T15:26:59.839437
CHEMBL221,completed,2026-09-28T15:26:59.839437
CHEMBL222,completed,2026-09-28T15:26:59.839437
CHEMBL228,completed,2026-09-28T15:26:59.839437
CHEMBL233,completed,2026-09-28T15:26:59.839437
CHEMBL234,completed,2026-09-28T15:26:59.840436
CHEMBL235,completed,2026-09-28T15:26:59.840436
CHEMBL238,completed,2026-09-28T15:26:59.840436
CHEMBL241,completed,2026-09-28T15:26:59.840436
CHEMBL1833,completed,2026-09-28T15:26:59.840436
CHEMBL2069,completed,2026-09-28T15:26:59.840436
CHEMBL1947,completed,2026-09-28T15:26:59.840436
CHEMBL254,completed,2026-09-28T15:26:59.840436
CHEMBL256,completed,2026-09-28T15:26:59.840436
CHEMBL264,completed,2026-09-28T15:26:59.840436
CHEMBL276,completed,2026-09-28T15:26:59.840436
CHEMBL2193,completed,2026-09-28T15:26:59.840436
CHEMBL3577,completed,2026-09-28T15:26:59.840436
CHEMBL2755,completed,2026-09-28T15:26:59.840436
CHEMBL343,completed,2026-09-28T15:26:59.840436
CHEMBL4119,completed,2026-09-28T15:26:59.840436
CHEMBL5514,completed,2026-09-28T15:26:59.840436
CHEMBL5686,completed,2026-09-28T15:26:59.840436
CHEMBL5748,completed,2026-09-28T15:26:59.840436
CHEMBL6020,completed,2026-09-28T15:26:59.840436
CHEMBL6032,completed,2026-09-28T15:26:59.840436
CHEMBL5918,completed,2026-09-28T15:26:59.840436
CHEMBL6152,completed,2026-09-28T15:26:59.840436
CHEMBL1075138,completed,2026-09-28T15:26:59.840436
CHEMBL1075094,completed,2026-09-28T15:26:59.840436
CHEMBL1293231,completed,2026-09-28T15:26:59.840436
CHEMBL1293237,completed,2026-09-28T15:26:59.840436
CHEMBL1293285,completed,2026-09-28T15:26:59.840436
CHEMBL1293298,completed,2026-09-28T15:26:59.840436
CHEMBL1697668,completed,2026-09-28T15:26:59.840436
CHEMBL1741209,completed,2026-09-28T15:26:59.840436
CHEMBL1743121,completed,2026-09-28T15:26:59.840436
CHEMBL1743128,completed,2026-09-28T15:26:59.840436
CHEMBL2073674,completed,2026-09-28T15:26:59.840436
CHEMBL2366473,completed,2026-09-28T15:26:59.840436
CHEMBL210,completed,2026-09-28T15:27:04.334169
CHEMBL213,completed,2026-09-28T15:27:04.334169
CHEMBL216,completed,2026-09-28T15:27:04.334169
CHEMBL217,completed,2026-09-28T15:27:04.334169
CHEMBL219,completed,2026-09-28T15:27:04.334169
CHEMBL1941,completed,2026-09-28T15:27:04.334169
CHEMBL224,completed,2026-09-28T15:27:04.334169
CHEMBL225,completed,2026-09-28T15:27:04.334169
CHEMBL1790,completed,2026-09-28T15:27:04.334169
CHEMBL226,completed,2026-09-28T15:27:04.334169
CHEMBL229,completed,2026-09-28T15:27:04.334169
CHEMBL230,completed,2026-09-28T15:27:04.334169
CHEMBL1889,completed,2026-09-28T15:27:04.334169
CHEMBL236,completed,2026-09-28T15:27:04.334169
CHEMBL237,completed,2026-09-28T15:27:04.334169
CHEMBL1899,completed,2026-09-28T15:27:04.334169
CHEMBL1985,completed,2026-09-28T15:27:04.334169
CHEMBL240,completed,2026-09-28T15:27:04.334169
CHEMBL1997,completed,2026-09-28T15:27:04.334169
CHEMBL1942,completed,2026-09-28T15:27:04.334169
CHEMBL1916,completed,2026-09-28T15:27:04.334169
CHEMBL245,completed,2026-09-28T15:27:04.334169
CHEMBL246,completed,2026-09-28T15:27:04.334169
CHEMBL249,completed,2026-09-28T15:27:04.334169
CHEMBL251,completed,2026-09-28T15:27:04.334169
CHEMBL3157,completed,2026-09-28T15:27:04.334169
CHEMBL3762,completed,2026-09-28T15:27:04.334169
CHEMBL273,completed,2026-09-28T15:27:04.334169
CHEMBL1882,completed,2026-09-28T15:27:04.334169
CHEMBL3440,completed,2026-09-28T15:27:04.334169
CHEMBL3252,completed,2026-09-28T15:27:04.334169
CHEMBL289,completed,2026-09-28T15:27:04.334169
CHEMBL4302,completed,2026-09-28T15:27:04.334169
CHEMBL1980,completed,2026-09-28T15:27:04.334169
CHEMBL298,completed,2026-09-28T15:27:04.334169
CHEMBL4616,completed,2026-09-28T15:27:04.334169
CHEMBL4042,completed,2026-09-28T15:27:04.334169
CHEMBL3356,completed,2026-09-28T15:27:04.334169
CHEMBL330,completed,2026-09-28T15:27:04.334169
CHEMBL3397,completed,2026-09-28T15:27:04.334169
CHEMBL3622,completed,2026-09-28T15:27:04.334169
CHEMBL340,completed,2026-09-28T15:27:04.334169
CHEMBL5107,completed,2026-09-28T15:27:04.334169
CHEMBL4383,completed,2026-09-28T15:27:04.334169
CHEMBL3491,completed,2026-09-28T15:27:04.334169
CHEMBL5414,completed,2026-09-28T15:27:04.334169
CHEMBL5471,completed,2026-09-28T15:27:04.334169
CHEMBL5685,completed,2026-09-28T15:27:04.334169
CHEMBL1743124,completed,2026-09-28T15:27:04.334169
CHEMBL4105778,completed,2026-09-28T15:27:04.334169
CHEMBL203,completed,2026-09-28T15:27:07.636170
CHEMBL2034,completed,2026-09-28T15:27:07.636170
CHEMBL218,completed,2026-09-28T15:27:07.636170
CHEMBL227,completed,2026-09-28T15:27:07.636170
CHEMBL1800,completed,2026-09-28T15:27:07.636170
CHEMBL231,completed,2026-09-28T15:27:07.636170
CHEMBL242,completed,2026-09-28T15:27:07.636170
CHEMBL1824,completed,2026-09-28T15:27:07.636170
CHEMBL1850,completed,2026-09-28T15:27:07.636170
CHEMBL1785,completed,2026-09-28T15:27:07.636170
CHEMBL252,completed,2026-09-28T15:27:07.636170
CHEMBL259,completed,2026-09-28T15:27:07.636170
CHEMBL3563,completed,2026-09-28T15:27:07.636170
CHEMBL1901,completed,2026-09-28T15:27:07.636170
CHEMBL4777,completed,2026-09-28T15:27:07.636170
CHEMBL4018,completed,2026-09-28T15:27:07.636170
CHEMBL4069,completed,2026-09-28T15:27:07.636170
CHEMBL279,completed,2026-09-28T15:27:07.636170
CHEMBL4644,completed,2026-09-28T15:27:07.636170
CHEMBL2203,completed,2026-09-28T15:27:07.636170
CHEMBL4308,completed,2026-09-28T15:27:07.636170
CHEMBL288,completed,2026-09-28T15:27:07.636170
CHEMBL3998,completed,2026-09-28T15:27:07.636170
CHEMBL3138,completed,2026-09-28T15:27:07.636170
CHEMBL4040,completed,2026-09-28T15:27:07.636170
CHEMBL1784,completed,2026-09-28T15:27:07.636170
CHEMBL3401,completed,2026-09-28T15:27:07.636170
CHEMBL3072,completed,2026-09-28T15:27:07.636170
CHEMBL4123,completed,2026-09-28T15:27:07.636170
CHEMBL339,completed,2026-09-28T15:27:07.636170
CHEMBL5027,completed,2026-09-28T15:27:07.636170
CHEMBL4261,completed,2026-09-28T15:27:07.636170
CHEMBL4372,completed,2026-09-28T15:27:07.636170
CHEMBL4159,completed,2026-09-28T15:27:07.636170
CHEMBL5162,completed,2026-09-28T15:27:07.636170
CHEMBL1293224,completed,2026-09-28T15:27:07.636170
CHEMBL1293226,completed,2026-09-28T15:27:07.636170
CHEMBL1293232,completed,2026-09-28T15:27:07.636170
CHEMBL1293235,completed,2026-09-28T15:27:07.636170
CHEMBL1293254,completed,2026-09-28T15:27:07.636170
CHEMBL1293255,completed,2026-09-28T15:27:07.636170
CHEMBL1293278,completed,2026-09-28T15:27:07.636170
CHEMBL1741186,completed,2026-09-28T15:27:07.636170
CHEMBL1741193,completed,2026-09-28T15:27:07.636170
CHEMBL1795085,completed,2026-09-28T15:27:07.636170
CHEMBL1795087,completed,2026-09-28T15:27:07.636170
CHEMBL2029198,completed,2026-09-28T15:27:07.636170
CHEMBL2146315,completed,2026-09-28T15:27:07.636170
CHEMBL4523507,completed,2026-09-28T15:27:07.636170
CHEMBL4523582,completed,2026-09-28T15:27:07.636170
CHEMBL1827,completed,2026-09-28T15:27:08.855896
CHEMBL205,completed,2026-09-28T15:27:08.855896
CHEMBL2035,completed,2026-09-28T15:27:08.855896
CHEMBL2885,completed,2026-09-28T15:27:08.855896
CHEMBL3025,completed,2026-09-28T15:27:08.855896
CHEMBL261,completed,2026-09-28T15:27:08.855896
CHEMBL3155,completed,2026-09-28T15:27:08.855896
CHEMBL4706,completed,2026-09-28T15:27:08.855896
CHEMBL2064,completed,2026-09-28T15:27:08.855896
CHEMBL3399,completed,2026-09-28T15:27:08.855896
CHEMBL2650,completed,2026-09-28T15:27:08.855896
CHEMBL3477,completed,2026-09-28T15:27:08.855896
CHEMBL3371,completed,2026-09-28T15:27:08.855896
CHEMBL2186,completed,2026-09-28T15:27:08.855896
CHEMBL3969,completed,2026-09-28T15:27:08.855896
CHEMBL281,completed,2026-09-28T15:27:08.855896
CHEMBL4789,completed,2026-09-28T15:27:08.855896
CHEMBL2326,completed,2026-09-28T15:27:08.855896
CHEMBL3510,completed,2026-09-28T15:27:08.855896
CHEMBL4619,completed,2026-09-28T15:27:08.855896
CHEMBL1865,completed,2026-09-28T15:27:08.855896
CHEMBL302,completed,2026-09-28T15:27:08.855896
CHEMBL3242,completed,2026-09-28T15:27:08.855896
CHEMBL4975,completed,2026-09-28T15:27:08.855896
CHEMBL318,completed,2026-09-28T15:27:08.855896
CHEMBL3729,completed,2026-09-28T15:27:08.855896
CHEMBL3912,completed,2026-09-28T15:27:08.855896
CHEMBL3594,completed,2026-09-28T15:27:08.855896
CHEMBL2605,completed,2026-09-28T15:27:08.855896
CHEMBL3926,completed,2026-09-28T15:27:08.855896
CHEMBL3932,completed,2026-09-28T15:27:08.855896
CHEMBL4211,completed,2026-09-28T15:27:08.855896
CHEMBL4377,completed,2026-09-28T15:27:08.855896
CHEMBL5337,completed,2026-09-28T15:27:08.855896
CHEMBL5931,completed,2026-09-28T15:27:08.855896
CHEMBL5973,completed,2026-09-28T15:27:08.855896
CHEMBL5619,completed,2026-09-28T15:27:08.855896
CHEMBL5631,completed,2026-09-28T15:27:08.855896
CHEMBL5767,completed,2026-09-28T15:27:08.855896
CHEMBL6185,completed,2026-09-28T15:27:08.855896
CHEMBL6068,completed,2026-09-28T15:27:08.855896
CHEMBL1075028,completed,2026-09-28T15:27:08.855896
CHEMBL1649055,completed,2026-09-28T15:27:08.855896
CHEMBL1697676,completed,2026-09-28T15:27:08.855896
CHEMBL1944499,completed,2026-09-28T15:27:08.855896
CHEMBL2304404,completed,2026-09-28T15:27:08.855896
CHEMBL3097982,completed,2026-09-28T15:27:08.855896
CHEMBL3399914,completed,2026-09-28T15:27:08.855896
CHEMBL3621035,completed,2026-09-28T15:27:08.855896
CHEMBL3745586,completed,2026-09-28T15:27:08.855896
CHEMBL1940,completed,2026-09-28T15:27:10.751245
CHEMBL1821,completed,2026-09-28T15:27:10.751245
CHEMBL255,completed,2026-09-28T15:27:10.751245
CHEMBL2026,completed,2026-09-28T15:27:10.751245
CHEMBL2327,completed,2026-09-28T15:27:10.751245
CHEMBL4306,completed,2026-09-28T15:27:10.751245
CHEMBL2652,completed,2026-09-28T15:27:10.751245
CHEMBL275,completed,2026-09-28T15:27:10.751245
CHEMBL3130,completed,2026-09-28T15:27:10.751245
CHEMBL3560,completed,2026-09-28T15:27:10.751245
CHEMBL4005,completed,2026-09-28T15:27:10.751245
CHEMBL3878,completed,2026-09-28T15:27:10.751245
CHEMBL2760,completed,2026-09-28T15:27:10.751245
CHEMBL2386,completed,2026-09-28T15:27:10.751245
CHEMBL3012,completed,2026-09-28T15:27:10.751245
CHEMBL3267,completed,2026-09-28T15:27:10.751245
CHEMBL3360,completed,2026-09-28T15:27:10.751245
CHEMBL3145,completed,2026-09-28T15:27:10.751245
CHEMBL3866,completed,2026-09-28T15:27:10.751245
CHEMBL2592,completed,2026-09-28T15:27:10.751245
CHEMBL3774,completed,2026-09-28T15:27:10.751245
CHEMBL2830,completed,2026-09-28T15:27:10.751245
CHEMBL2072,completed,2026-09-28T15:27:10.751245
CHEMBL4296,completed,2026-09-28T15:27:10.751245
CHEMBL5163,completed,2026-09-28T15:27:10.751245
CHEMBL5129,completed,2026-09-28T15:27:10.751245
CHEMBL4295,completed,2026-09-28T15:27:10.751245
CHEMBL5573,completed,2026-09-28T15:27:10.752251
CHEMBL6035,completed,2026-09-28T15:27:10.752251
CHEMBL5979,completed,2026-09-28T15:27:10.752251
CHEMBL6114,completed,2026-09-28T15:27:10.752251
CHEMBL1075227,completed,2026-09-28T15:27:10.752251
CHEMBL1293191,completed,2026-09-28T15:27:10.752251
CHEMBL1293238,completed,2026-09-28T15:27:10.752251
CHEMBL1293248,completed,2026-09-28T15:27:10.752251
CHEMBL1741220,completed,2026-09-28T15:27:10.752251
CHEMBL1743126,completed,2026-09-28T15:27:10.752251
CHEMBL2007624,completed,2026-09-28T15:27:10.752251
CHEMBL2007625,completed,2026-09-28T15:27:10.752251
CHEMBL2073665,completed,2026-09-28T15:27:10.752251
CHEMBL2321613,completed,2026-09-28T15:27:10.752251
CHEMBL2321615,completed,2026-09-28T15:27:10.752251
CHEMBL2331042,completed,2026-09-28T15:27:10.752251
CHEMBL2362981,completed,2026-09-28T15:27:10.752251
CHEMBL2366406,completed,2026-09-28T15:27:10.752251
CHEMBL3308902,completed,2026-09-28T15:27:10.752251
CHEMBL3712907,completed,2026-09-28T15:27:10.752251
CHEMBL3714531,completed,2026-09-28T15:27:10.752251
CHEMBL4523395,completed,2026-09-28T15:27:10.752251
CHEMBL4523439,completed,2026-09-28T15:27:10.752251
CHEMBL1977,completed,2026-09-28T15:27:12.248306
CHEMBL2014,completed,2026-09-28T15:27:12.248306
CHEMBL4329,completed,2026-09-28T15:27:12.248306
CHEMBL2157,completed,2026-09-28T15:27:12.248306
CHEMBL4828,completed,2026-09-28T15:27:12.248306
CHEMBL3222,completed,2026-09-28T15:27:12.248306
CHEMBL269,completed,2026-09-28T15:27:12.248306
CHEMBL3614,completed,2026-09-28T15:27:12.248306
CHEMBL3041,completed,2026-09-28T15:27:12.248306
CHEMBL270,completed,2026-09-28T15:27:12.248306
CHEMBL3426,completed,2026-09-28T15:27:12.248306
CHEMBL4817,completed,2026-09-28T15:27:12.248306
CHEMBL2457,completed,2026-09-28T15:27:12.248306
CHEMBL3467,completed,2026-09-28T15:27:12.248306
CHEMBL2695,completed,2026-09-28T15:27:12.248306
CHEMBL287,completed,2026-09-28T15:27:12.248306
CHEMBL3251,completed,2026-09-28T15:27:12.248306
CHEMBL304,completed,2026-09-28T15:27:12.248306
CHEMBL313,completed,2026-09-28T15:27:12.248306
CHEMBL3979,completed,2026-09-28T15:27:12.248306
CHEMBL2858,completed,2026-09-28T15:27:12.248306
CHEMBL2573,completed,2026-09-28T15:27:12.248306
CHEMBL319,completed,2026-09-28T15:27:12.248306
CHEMBL2622,completed,2026-09-28T15:27:12.248306
CHEMBL3305,completed,2026-09-28T15:27:12.248306
CHEMBL322,completed,2026-09-28T15:27:12.248306
CHEMBL3619,completed,2026-09-28T15:27:12.248306
CHEMBL338,completed,2026-09-28T15:27:12.248306
CHEMBL4078,completed,2026-09-28T15:27:12.248306
CHEMBL3952,completed,2026-09-28T15:27:12.248306
CHEMBL4096,completed,2026-09-28T15:27:12.248306
CHEMBL4354,completed,2026-09-28T15:27:12.248306
CHEMBL4370,completed,2026-09-28T15:27:12.248306
CHEMBL5492,completed,2026-09-28T15:27:12.248306
CHEMBL5567,completed,2026-09-28T15:27:12.248306
CHEMBL6184,completed,2026-09-28T15:27:12.248306
CHEMBL6161,completed,2026-09-28T15:27:12.248306
CHEMBL6110,completed,2026-09-28T15:27:12.248306
CHEMBL1287617,completed,2026-09-28T15:27:12.248306
CHEMBL1293256,completed,2026-09-28T15:27:12.248306
CHEMBL1293317,completed,2026-09-28T15:27:12.248306
CHEMBL1741189,completed,2026-09-28T15:27:12.248306
CHEMBL1743316,completed,2026-09-28T15:27:12.248306
CHEMBL1743318,completed,2026-09-28T15:27:12.248306
CHEMBL1743319,completed,2026-09-28T15:27:12.248306
CHEMBL1743320,completed,2026-09-28T15:27:12.248306
CHEMBL2146302,completed,2026-09-28T15:27:12.248306
CHEMBL3407312,completed,2026-09-28T15:27:12.248306
CHEMBL3542435,completed,2026-09-28T15:27:12.248306
CHEMBL3713095,completed,2026-09-28T15:27:12.248306
CHEMBL1801,completed,2026-09-28T15:27:13.978866
CHEMBL1962,completed,2026-09-28T15:27:13.978866
CHEMBL1898,completed,2026-09-28T15:27:13.978866
CHEMBL3721,completed,2026-09-28T15:27:13.978866
CHEMBL262,completed,2026-09-28T15:27:13.978866
CHEMBL4607,completed,2026-09-28T15:27:13.978866
CHEMBL3192,completed,2026-09-28T15:27:13.978866
CHEMBL4081,completed,2026-09-28T15:27:13.978866
CHEMBL3869,completed,2026-09-28T15:27:13.978866
CHEMBL1937,completed,2026-09-28T15:27:13.978866
CHEMBL1829,completed,2026-09-28T15:27:13.978866
CHEMBL3524,completed,2026-09-28T15:27:13.978866
CHEMBL2246,completed,2026-09-28T15:27:13.978866
CHEMBL1873,completed,2026-09-28T15:27:13.978866
CHEMBL3180,completed,2026-09-28T15:27:13.978866
CHEMBL2265,completed,2026-09-28T15:27:13.978866
CHEMBL4145,completed,2026-09-28T15:27:13.978866
CHEMBL1847,completed,2026-09-28T15:27:13.978866
CHEMBL3286,completed,2026-09-28T15:27:13.978866
CHEMBL3871,completed,2026-09-28T15:27:13.978866
CHEMBL2563,completed,2026-09-28T15:27:13.978866
CHEMBL2716,completed,2026-09-28T15:27:13.978866
CHEMBL325,completed,2026-09-28T15:27:13.978866
CHEMBL3444,completed,2026-09-28T15:27:13.978866
CHEMBL3081,completed,2026-09-28T15:27:13.978866
CHEMBL5282,completed,2026-09-28T15:27:13.978866
CHEMBL4729,completed,2026-09-28T15:27:13.978866
CHEMBL4294,completed,2026-09-28T15:27:13.978866
CHEMBL4683,completed,2026-09-28T15:27:13.978866
CHEMBL4153,completed,2026-09-28T15:27:13.978866
CHEMBL5849,completed,2026-09-28T15:27:13.978866
CHEMBL6053,completed,2026-09-28T15:27:13.978866
CHEMBL6196,completed,2026-09-28T15:27:13.978866
CHEMBL6160,completed,2026-09-28T15:27:13.978866
CHEMBL1287604,completed,2026-09-28T15:27:13.978866
CHEMBL1293258,completed,2026-09-28T15:27:13.978866
CHEMBL1743321,completed,2026-09-28T15:27:13.978866
CHEMBL1777665,completed,2026-09-28T15:27:13.978866
CHEMBL1795091,completed,2026-09-28T15:27:13.978866
CHEMBL2073693,completed,2026-09-28T15:27:13.978866
CHEMBL2163183,completed,2026-09-28T15:27:13.978866
CHEMBL2189159,completed,2026-09-28T15:27:13.978866
CHEMBL2321614,completed,2026-09-28T15:27:13.978866
CHEMBL3091260,completed,2026-09-28T15:27:13.979874
CHEMBL3091261,completed,2026-09-28T15:27:13.979874
CHEMBL3421523,completed,2026-09-28T15:27:13.979874
CHEMBL3611961,completed,2026-09-28T15:27:13.979874
CHEMBL3638360,completed,2026-09-28T15:27:13.979874
CHEMBL4105711,completed,2026-09-28T15:27:13.979874
CHEMBL4105897,completed,2026-09-28T15:27:13.979874
CHEMBL2055,completed,2026-09-28T15:27:17.759325
CHEMBL2023,completed,2026-09-28T15:27:17.759325
CHEMBL223,completed,2026-09-28T15:27:17.759325
CHEMBL1983,completed,2026-09-28T15:27:17.759325
CHEMBL239,completed,2026-09-28T15:27:17.759325
CHEMBL2003,completed,2026-09-28T15:27:17.759325
CHEMBL253,completed,2026-09-28T15:27:17.759325
CHEMBL2008,completed,2026-09-28T15:27:17.759325
CHEMBL4550,completed,2026-09-28T15:27:17.759325
CHEMBL2882,completed,2026-09-28T15:27:17.759325
CHEMBL265,completed,2026-09-28T15:27:17.759325
CHEMBL2483,completed,2026-09-28T15:27:17.759325
CHEMBL2475,completed,2026-09-28T15:27:17.759325
CHEMBL2798,completed,2026-09-28T15:27:17.759325
CHEMBL4478,completed,2026-09-28T15:27:17.759325
CHEMBL3459,completed,2026-09-28T15:27:17.759325
CHEMBL4982,completed,2026-09-28T15:27:17.759325
CHEMBL2231,completed,2026-09-28T15:27:17.759325
CHEMBL2047,completed,2026-09-28T15:27:17.759325
CHEMBL2808,completed,2026-09-28T15:27:17.759325
CHEMBL3229,completed,2026-09-28T15:27:17.759325
CHEMBL2243,completed,2026-09-28T15:27:17.759325
CHEMBL4701,completed,2026-09-28T15:27:17.759325
CHEMBL2842,completed,2026-09-28T15:27:17.759325
CHEMBL2854,completed,2026-09-28T15:27:17.759325
CHEMBL3105,completed,2026-09-28T15:27:17.759325
CHEMBL2815,completed,2026-09-28T15:27:17.759325
CHEMBL315,completed,2026-09-28T15:27:17.759325
CHEMBL2372,completed,2026-09-28T15:27:17.759325
CHEMBL3057,completed,2026-09-28T15:27:17.759325
CHEMBL2949,completed,2026-09-28T15:27:17.759325
CHEMBL4187,completed,2026-09-28T15:27:17.759325
CHEMBL5017,completed,2026-09-28T15:27:17.759325
CHEMBL5281,completed,2026-09-28T15:27:17.759325
CHEMBL4358,completed,2026-09-28T15:27:17.759325
CHEMBL4093,completed,2026-09-28T15:27:17.759325
CHEMBL2041,completed,2026-09-28T15:27:17.759325
CHEMBL4191,completed,2026-09-28T15:27:17.759325
CHEMBL4681,completed,2026-09-28T15:27:17.759325
CHEMBL3785,completed,2026-09-28T15:27:17.759325
CHEMBL5503,completed,2026-09-28T15:27:17.759325
CHEMBL1163125,completed,2026-09-28T15:27:17.759325
CHEMBL1293289,completed,2026-09-28T15:27:17.759325
CHEMBL1743122,completed,2026-09-28T15:27:17.759325
CHEMBL1743127,completed,2026-09-28T15:27:17.759325
CHEMBL1743317,completed,2026-09-28T15:27:17.759325
CHEMBL1795186,completed,2026-09-28T15:27:17.759325
CHEMBL2073673,completed,2026-09-28T15:27:17.759325
CHEMBL2406892,completed,2026-09-28T15:27:17.759325
CHEMBL4523510,completed,2026-09-28T15:27:17.759325
CHEMBL215,completed,2026-09-28T15:27:19.281255
CHEMBL1900,completed,2026-09-28T15:27:19.281255
CHEMBL1835,completed,2026-09-28T15:27:19.281255
CHEMBL2061,completed,2026-09-28T15:27:19.281255
CHEMBL4715,completed,2026-09-28T15:27:19.281255
CHEMBL4834,completed,2026-09-28T15:27:19.281255
CHEMBL2424,completed,2026-09-28T15:27:19.281255
CHEMBL2649,completed,2026-09-28T15:27:19.281255
CHEMBL2181,completed,2026-09-28T15:27:19.281255
CHEMBL2488,completed,2026-09-28T15:27:19.281255
CHEMBL2489,completed,2026-09-28T15:27:19.281255
CHEMBL3253,completed,2026-09-28T15:27:19.281255
CHEMBL2179,completed,2026-09-28T15:27:19.281255
CHEMBL2532,completed,2026-09-28T15:27:19.281255
CHEMBL3464,completed,2026-09-28T15:27:19.281255
CHEMBL4321,completed,2026-09-28T15:27:19.281255
CHEMBL4334,completed,2026-09-28T15:27:19.281255
CHEMBL2409,completed,2026-09-28T15:27:19.281255
CHEMBL3004,completed,2026-09-28T15:27:19.281255
CHEMBL312,completed,2026-09-28T15:27:19.281255
CHEMBL4336,completed,2026-09-28T15:27:19.281255
CHEMBL3194,completed,2026-09-28T15:27:19.281255
CHEMBL2977,completed,2026-09-28T15:27:19.281255
CHEMBL5016,completed,2026-09-28T15:27:19.281255
CHEMBL2860,completed,2026-09-28T15:27:19.281255
CHEMBL4102,completed,2026-09-28T15:27:19.281255
CHEMBL3933,completed,2026-09-28T15:27:19.281255
CHEMBL5071,completed,2026-09-28T15:27:19.281255
CHEMBL5980,completed,2026-09-28T15:27:19.281255
CHEMBL5365,completed,2026-09-28T15:27:19.281255
CHEMBL5391,completed,2026-09-28T15:27:19.281255
CHEMBL5419,completed,2026-09-28T15:27:19.281255
CHEMBL4999,completed,2026-09-28T15:27:19.281255
CHEMBL5847,completed,2026-09-28T15:27:19.281255
CHEMBL5974,completed,2026-09-28T15:27:19.281255
CHEMBL5905,completed,2026-09-28T15:27:19.281255
CHEMBL5879,completed,2026-09-28T15:27:19.281255
CHEMBL1293234,completed,2026-09-28T15:27:19.281255
CHEMBL1293267,completed,2026-09-28T15:27:19.281255
CHEMBL1293294,completed,2026-09-28T15:27:19.281255
CHEMBL1641347,completed,2026-09-28T15:27:19.281255
CHEMBL1641359,completed,2026-09-28T15:27:19.281255
CHEMBL1741210,completed,2026-09-28T15:27:19.281255
CHEMBL1781859,completed,2026-09-28T15:27:19.281255
CHEMBL1781860,completed,2026-09-28T15:27:19.281255
CHEMBL1781865,completed,2026-09-28T15:27:19.281255
CHEMBL2073661,completed,2026-09-28T15:27:19.281255
CHEMBL2073669,completed,2026-09-28T15:27:19.281255
CHEMBL2073672,completed,2026-09-28T15:27:19.281255
CHEMBL3286068,completed,2026-09-28T15:27:19.281255
CHEMBL202,completed,2026-09-28T15:27:21.464160
CHEMBL232,completed,2026-09-28T15:27:21.464160
CHEMBL1929,completed,2026-09-28T15:27:21.464160
CHEMBL1923,completed,2026-09-28T15:27:21.464160
CHEMBL4794,completed,2026-09-28T15:27:21.464160
CHEMBL2182,completed,2026-09-28T15:27:21.464160
CHEMBL4972,completed,2026-09-28T15:27:21.464160
CHEMBL3897,completed,2026-09-28T15:27:21.464160
CHEMBL2608,completed,2026-09-28T15:27:21.464160
CHEMBL284,completed,2026-09-28T15:27:21.464160
CHEMBL2371,completed,2026-09-28T15:27:21.464160
CHEMBL3223,completed,2026-09-28T15:27:21.464160
CHEMBL309,completed,2026-09-28T15:27:21.464160
CHEMBL2967,completed,2026-09-28T15:27:21.464160
CHEMBL3361,completed,2026-09-28T15:27:21.464160
CHEMBL323,completed,2026-09-28T15:27:21.464160
CHEMBL324,completed,2026-09-28T15:27:21.464160
CHEMBL327,completed,2026-09-28T15:27:21.464160
CHEMBL3728,completed,2026-09-28T15:27:21.464160
CHEMBL2288,completed,2026-09-28T15:27:21.464160
CHEMBL3754,completed,2026-09-28T15:27:21.464160
CHEMBL4768,completed,2026-09-28T15:27:21.464160
CHEMBL3943,completed,2026-09-28T15:27:21.464160
CHEMBL4090,completed,2026-09-28T15:27:21.464160
CHEMBL5456,completed,2026-09-28T15:27:21.464160
CHEMBL4161,completed,2026-09-28T15:27:21.464160
CHEMBL5501,completed,2026-09-28T15:27:21.464160
CHEMBL5658,completed,2026-09-28T15:27:21.464160
CHEMBL6011,completed,2026-09-28T15:27:21.464160
CHEMBL6174,completed,2026-09-28T15:27:21.464160
CHEMBL5738,completed,2026-09-28T15:27:21.464160
CHEMBL5763,completed,2026-09-28T15:27:21.464160
CHEMBL5845,completed,2026-09-28T15:27:21.464160
CHEMBL6157,completed,2026-09-28T15:27:21.464160
CHEMBL1075162,completed,2026-09-28T15:27:21.464160
CHEMBL1293227,completed,2026-09-28T15:27:21.464160
CHEMBL1293236,completed,2026-09-28T15:27:21.464160
CHEMBL1293299,completed,2026-09-28T15:27:21.464160
CHEMBL1641348,completed,2026-09-28T15:27:21.464160
CHEMBL1641355,completed,2026-09-28T15:27:21.464160
CHEMBL1741205,completed,2026-09-28T15:27:21.464160
CHEMBL2073666,completed,2026-09-28T15:27:21.464160
CHEMBL2073677,completed,2026-09-28T15:27:21.464160
CHEMBL2073702,completed,2026-09-28T15:27:21.464160
CHEMBL2073707,completed,2026-09-28T15:27:21.464160
CHEMBL2304406,completed,2026-09-28T15:27:21.464160
CHEMBL3509582,completed,2026-09-28T15:27:21.464160
CHEMBL3509593,completed,2026-09-28T15:27:21.464160
CHEMBL3509601,completed,2026-09-28T15:27:21.464160
CHEMBL4523354,completed,2026-09-28T15:27:21.464160
CHEMBL2392,completed,2026-09-28T15:27:22.756196
CHEMBL4780,completed,2026-09-28T15:27:22.756196
CHEMBL4781,completed,2026-09-28T15:27:22.756196
CHEMBL5131,completed,2026-09-28T15:27:22.756196
CHEMBL1914,completed,2026-09-28T15:27:22.756196
CHEMBL2528,completed,2026-09-28T15:27:22.756196
CHEMBL2484,completed,2026-09-28T15:27:22.756196
CHEMBL3197,completed,2026-09-28T15:27:22.756196
CHEMBL4892,completed,2026-09-28T15:27:22.756196
CHEMBL2487,completed,2026-09-28T15:27:22.756196
CHEMBL3198,completed,2026-09-28T15:27:22.756196
CHEMBL3199,completed,2026-09-28T15:27:22.756196
CHEMBL3277,completed,2026-09-28T15:27:22.756196
CHEMBL3759,completed,2026-09-28T15:27:22.756196
CHEMBL2190,completed,2026-09-28T15:27:22.756196
CHEMBL3427,completed,2026-09-28T15:27:22.756196
CHEMBL3733,completed,2026-09-28T15:27:22.756196
CHEMBL3737,completed,2026-09-28T15:27:22.756196
CHEMBL3403,completed,2026-09-28T15:27:22.756196
CHEMBL3602,completed,2026-09-28T15:27:22.756196
CHEMBL2903,completed,2026-09-28T15:27:22.756196
CHEMBL3257,completed,2026-09-28T15:27:22.756196
CHEMBL3241,completed,2026-09-28T15:27:22.756196
CHEMBL2993,completed,2026-09-28T15:27:22.756196
CHEMBL3358,completed,2026-09-28T15:27:22.756196
CHEMBL4017,completed,2026-09-28T15:27:22.756196
CHEMBL3446,completed,2026-09-28T15:27:22.756196
CHEMBL3945,completed,2026-09-28T15:27:22.756196
CHEMBL5451,completed,2026-09-28T15:27:22.756196
CHEMBL3666,completed,2026-09-28T15:27:22.756196
CHEMBL5067,completed,2026-09-28T15:27:22.756196
CHEMBL5077,completed,2026-09-28T15:27:22.756196
CHEMBL5421,completed,2026-09-28T15:27:22.756196
CHEMBL5114,completed,2026-09-28T15:27:22.756196
CHEMBL5896,completed,2026-09-28T15:27:22.756196
CHEMBL6092,completed,2026-09-28T15:27:22.756196
CHEMBL6093,completed,2026-09-28T15:27:22.756196
CHEMBL5742,completed,2026-09-28T15:27:22.756196
CHEMBL1075183,completed,2026-09-28T15:27:22.756196
CHEMBL2366456,completed,2026-09-28T15:27:22.756196
CHEMBL3396943,completed,2026-09-28T15:27:22.756196
CHEMBL3396944,completed,2026-09-28T15:27:22.756196
CHEMBL4105907,completed,2026-09-28T15:27:22.756196
CHEMBL4523264,completed,2026-09-28T15:27:22.756196
CHEMBL4523426,completed,2026-09-28T15:27:22.756196
CHEMBL5465279,completed,2026-09-28T15:27:22.756196
CHEMBL5723573,completed,2026-09-28T15:27:22.756196
CHEMBL5723574,completed,2026-09-28T15:27:22.756196
CHEMBL5723575,completed,2026-09-28T15:27:22.756196
CHEMBL5723576,completed,2026-09-28T15:27:22.756196
CHEMBL1862,completed,2026-09-28T15:27:23.844409
CHEMBL1994,completed,2026-09-28T15:27:23.844409
CHEMBL1793,completed,2026-09-28T15:27:23.844409
CHEMBL1913,completed,2026-09-28T15:27:23.844409
CHEMBL247,completed,2026-09-28T15:27:23.844409
CHEMBL1936,completed,2026-09-28T15:27:23.844409
CHEMBL3224,completed,2026-09-28T15:27:23.844409
CHEMBL3961,completed,2026-09-28T15:27:23.844409
CHEMBL4879,completed,2026-09-28T15:27:23.844409
CHEMBL260,completed,2026-09-28T15:27:23.844409
CHEMBL266,completed,2026-09-28T15:27:23.844409
CHEMBL2421,completed,2026-09-28T15:27:23.844409
CHEMBL3254,completed,2026-09-28T15:27:23.844409
CHEMBL1906,completed,2026-09-28T15:27:23.844409
CHEMBL4931,completed,2026-09-28T15:27:23.844409
CHEMBL3849,completed,2026-09-28T15:27:23.844409
CHEMBL2703,completed,2026-09-28T15:27:23.844409
CHEMBL1955,completed,2026-09-28T15:27:23.844409
CHEMBL2998,completed,2026-09-28T15:27:23.844409
CHEMBL1974,completed,2026-09-28T15:27:23.844409
CHEMBL326,completed,2026-09-28T15:27:23.844409
CHEMBL3056,completed,2026-09-28T15:27:23.844409
CHEMBL3637,completed,2026-09-28T15:27:23.844409
CHEMBL2782,completed,2026-09-28T15:27:23.844409
CHEMBL4036,completed,2026-09-28T15:27:23.844409
CHEMBL3456,completed,2026-09-28T15:27:23.844409
CHEMBL3122,completed,2026-09-28T15:27:23.844409
CHEMBL3788,completed,2026-09-28T15:27:23.844409
CHEMBL3981,completed,2026-09-28T15:27:23.844409
CHEMBL4134,completed,2026-09-28T15:27:23.844409
CHEMBL4223,completed,2026-09-28T15:27:23.844409
CHEMBL3987,completed,2026-09-28T15:27:23.844409
CHEMBL5072,completed,2026-09-28T15:27:23.844409
CHEMBL4602,completed,2026-09-28T15:27:23.844409
CHEMBL4204,completed,2026-09-28T15:27:23.844409
CHEMBL4526,completed,2026-09-28T15:27:23.844409
CHEMBL4978,completed,2026-09-28T15:27:23.844409
CHEMBL5409,completed,2026-09-28T15:27:23.844409
CHEMBL5393,completed,2026-09-28T15:27:23.844409
CHEMBL5999,completed,2026-09-28T15:27:23.844409
CHEMBL1293303,completed,2026-09-28T15:27:23.844409
CHEMBL1770032,completed,2026-09-28T15:27:23.844409
CHEMBL1770033,completed,2026-09-28T15:27:23.844409
CHEMBL1909044,completed,2026-09-28T15:27:23.844409
CHEMBL2029197,completed,2026-09-28T15:27:23.844409
CHEMBL2331065,completed,2026-09-28T15:27:23.844409
CHEMBL3714081,completed,2026-09-28T15:27:23.844409
CHEMBL3988626,completed,2026-09-28T15:27:23.844409
CHEMBL4523235,completed,2026-09-28T15:27:23.844409
CHEMBL4524041,completed,2026-09-28T15:27:23.844409
CHEMBL258,completed,2026-09-28T15:27:32.446434
CHEMBL2918,completed,2026-09-28T15:27:32.446434
CHEMBL3650,completed,2026-09-28T15:27:32.446434
CHEMBL2828,completed,2026-09-28T15:27:32.446434
CHEMBL2534,completed,2026-09-28T15:27:32.446434
CHEMBL2634,completed,2026-09-28T15:27:32.446434
CHEMBL4237,completed,2026-09-28T15:27:32.446434
CHEMBL2553,completed,2026-09-28T15:27:32.446434
CHEMBL4924,completed,2026-09-28T15:27:32.446434
CHEMBL4937,completed,2026-09-28T15:27:32.446434
CHEMBL2939,completed,2026-09-28T15:27:32.446434
CHEMBL2973,completed,2026-09-28T15:27:32.446434
CHEMBL4014,completed,2026-09-28T15:27:32.446434
CHEMBL4004,completed,2026-09-28T15:27:32.446434
CHEMBL4179,completed,2026-09-28T15:27:32.446434
CHEMBL2543,completed,2026-09-28T15:27:32.446434
CHEMBL2999,completed,2026-09-28T15:27:32.446434
CHEMBL2777,completed,2026-09-28T15:27:32.446434
CHEMBL2803,completed,2026-09-28T15:27:32.446434
CHEMBL1844,completed,2026-09-28T15:27:32.446434
CHEMBL4128,completed,2026-09-28T15:27:32.446434
CHEMBL4674,completed,2026-09-28T15:27:32.446434
CHEMBL2073,completed,2026-09-28T15:27:32.446434
CHEMBL3886,completed,2026-09-28T15:27:32.446434
CHEMBL5014,completed,2026-09-28T15:27:32.446434
CHEMBL2068,completed,2026-09-28T15:27:32.446434
CHEMBL4954,completed,2026-09-28T15:27:32.446434
CHEMBL4224,completed,2026-09-28T15:27:32.446434
CHEMBL4226,completed,2026-09-28T15:27:32.446434
CHEMBL3836,completed,2026-09-28T15:27:32.446434
CHEMBL3988,completed,2026-09-28T15:27:32.446434
CHEMBL4202,completed,2026-09-28T15:27:32.446434
CHEMBL4312,completed,2026-09-28T15:27:32.446434
CHEMBL4852,completed,2026-09-28T15:27:32.446434
CHEMBL4482,completed,2026-09-28T15:27:32.446434
CHEMBL5491,completed,2026-09-28T15:27:32.446434
CHEMBL5145,completed,2026-09-28T15:27:32.446434
CHEMBL5147,completed,2026-09-28T15:27:32.446434
CHEMBL5274,completed,2026-09-28T15:27:32.446434
CHEMBL5316,completed,2026-09-28T15:27:32.446434
CHEMBL5469,completed,2026-09-28T15:27:32.446434
CHEMBL5405,completed,2026-09-28T15:27:32.446434
CHEMBL5426,completed,2026-09-28T15:27:32.446434
CHEMBL5520,completed,2026-09-28T15:27:32.446434
CHEMBL5552,completed,2026-09-28T15:27:32.446434
CHEMBL5818,completed,2026-09-28T15:27:32.446434
CHEMBL5969,completed,2026-09-28T15:27:32.446434
CHEMBL6162,completed,2026-09-28T15:27:32.446434
CHEMBL5667,completed,2026-09-28T15:27:32.446434
CHEMBL5790,completed,2026-09-28T15:27:32.446434
CHEMBL1981,completed,2026-09-28T15:27:34.846074
CHEMBL1957,completed,2026-09-28T15:27:34.846074
CHEMBL3629,completed,2026-09-28T15:27:34.846074
CHEMBL2468,completed,2026-09-28T15:27:34.846074
CHEMBL3438,completed,2026-09-28T15:27:34.846074
CHEMBL2109,completed,2026-09-28T15:27:34.846074
CHEMBL2431,completed,2026-09-28T15:27:34.846074
CHEMBL3123,completed,2026-09-28T15:27:34.846074
CHEMBL2147,completed,2026-09-28T15:27:34.846074
CHEMBL3863,completed,2026-09-28T15:27:34.846074
CHEMBL2850,completed,2026-09-28T15:27:34.846074
CHEMBL2964,completed,2026-09-28T15:27:34.846074
CHEMBL3587,completed,2026-09-28T15:27:34.846074
CHEMBL299,completed,2026-09-28T15:27:34.846074
CHEMBL3385,completed,2026-09-28T15:27:34.846074
CHEMBL3234,completed,2026-09-28T15:27:34.846074
CHEMBL4101,completed,2026-09-28T15:27:34.846074
CHEMBL2276,completed,2026-09-28T15:27:34.846074
CHEMBL4282,completed,2026-09-28T15:27:34.846074
CHEMBL3553,completed,2026-09-28T15:27:34.846074
CHEMBL4070,completed,2026-09-28T15:27:34.846074
CHEMBL3529,completed,2026-09-28T15:27:34.846074
CHEMBL3830,completed,2026-09-28T15:27:34.846074
CHEMBL3980,completed,2026-09-28T15:27:34.846074
CHEMBL3983,completed,2026-09-28T15:27:34.846074
CHEMBL4599,completed,2026-09-28T15:27:34.846074
CHEMBL4598,completed,2026-09-28T15:27:34.846074
CHEMBL4311,completed,2026-09-28T15:27:34.846074
CHEMBL4523,completed,2026-09-28T15:27:34.846074
CHEMBL4524,completed,2026-09-28T15:27:34.846074
CHEMBL4527,completed,2026-09-28T15:27:34.846074
CHEMBL5600,completed,2026-09-28T15:27:34.846074
CHEMBL4898,completed,2026-09-28T15:27:34.846074
CHEMBL4367,completed,2026-09-28T15:27:34.846074
CHEMBL4375,completed,2026-09-28T15:27:34.846074
CHEMBL4718,completed,2026-09-28T15:27:34.846074
CHEMBL4849,completed,2026-09-28T15:27:34.846074
CHEMBL4578,completed,2026-09-28T15:27:34.846074
CHEMBL5407,completed,2026-09-28T15:27:34.846074
CHEMBL5358,completed,2026-09-28T15:27:34.846074
CHEMBL5364,completed,2026-09-28T15:27:34.846074
CHEMBL5388,completed,2026-09-28T15:27:34.846074
CHEMBL5543,completed,2026-09-28T15:27:34.846074
CHEMBL5606,completed,2026-09-28T15:27:34.846074
CHEMBL5608,completed,2026-09-28T15:27:34.846074
CHEMBL5084,completed,2026-09-28T15:27:34.846074
CHEMBL5404,completed,2026-09-28T15:27:34.846074
CHEMBL5483,completed,2026-09-28T15:27:34.846074
CHEMBL5932,completed,2026-09-28T15:27:34.846074
CHEMBL5941,completed,2026-09-28T15:27:34.846074
CHEMBL2428,completed,2026-09-28T15:27:36.870443
CHEMBL2116,completed,2026-09-28T15:27:36.870443
CHEMBL4816,completed,2026-09-28T15:27:36.870443
CHEMBL2185,completed,2026-09-28T15:27:36.870443
CHEMBL2148,completed,2026-09-28T15:27:36.870443
CHEMBL2959,completed,2026-09-28T15:27:36.870443
CHEMBL2835,completed,2026-09-28T15:27:36.870443
CHEMBL2971,completed,2026-09-28T15:27:36.870443
CHEMBL2493,completed,2026-09-28T15:27:36.870443
CHEMBL4045,completed,2026-09-28T15:27:36.870443
CHEMBL2637,completed,2026-09-28T15:27:36.870443
CHEMBL1841,completed,2026-09-28T15:27:36.870443
CHEMBL3905,completed,2026-09-28T15:27:36.870443
CHEMBL2343,completed,2026-09-28T15:27:36.870443
CHEMBL2345,completed,2026-09-28T15:27:36.870443
CHEMBL4501,completed,2026-09-28T15:27:36.870443
CHEMBL3655,completed,2026-09-28T15:27:36.871337
CHEMBL4355,completed,2026-09-28T15:27:36.871337
CHEMBL3935,completed,2026-09-28T15:27:36.871337
CHEMBL4597,completed,2026-09-28T15:27:36.871337
CHEMBL5285,completed,2026-09-28T15:27:36.871337
CHEMBL4525,completed,2026-09-28T15:27:36.871337
CHEMBL4853,completed,2026-09-28T15:27:36.871337
CHEMBL4247,completed,2026-09-28T15:27:36.871337
CHEMBL4574,completed,2026-09-28T15:27:36.871337
CHEMBL5310,completed,2026-09-28T15:27:36.871337
CHEMBL5311,completed,2026-09-28T15:27:36.871337
CHEMBL5319,completed,2026-09-28T15:27:36.871337
CHEMBL5320,completed,2026-09-28T15:27:36.871337
CHEMBL5334,completed,2026-09-28T15:27:36.871337
CHEMBL5466,completed,2026-09-28T15:27:36.871337
CHEMBL5615,completed,2026-09-28T15:27:36.871337
CHEMBL5081,completed,2026-09-28T15:27:36.871337
CHEMBL5122,completed,2026-09-28T15:27:36.871337
CHEMBL5260,completed,2026-09-28T15:27:36.871337
CHEMBL5547,completed,2026-09-28T15:27:36.871337
CHEMBL5550,completed,2026-09-28T15:27:36.871337
CHEMBL5659,completed,2026-09-28T15:27:36.871337
CHEMBL5784,completed,2026-09-28T15:27:36.871337
CHEMBL5975,completed,2026-09-28T15:27:36.871337
CHEMBL6003,completed,2026-09-28T15:27:36.871337
CHEMBL6005,completed,2026-09-28T15:27:36.871337
CHEMBL6167,completed,2026-09-28T15:27:36.871337
CHEMBL5616,completed,2026-09-28T15:27:36.871337
CHEMBL5627,completed,2026-09-28T15:27:36.871337
CHEMBL5668,completed,2026-09-28T15:27:36.871337
CHEMBL5699,completed,2026-09-28T15:27:36.871337
CHEMBL5903,completed,2026-09-28T15:27:36.871337
CHEMBL5907,completed,2026-09-28T15:27:36.871337
CHEMBL5912,completed,2026-09-28T15:27:36.871337
CHEMBL2171,completed,2026-09-28T15:27:38.215820
CHEMBL4708,completed,2026-09-28T15:27:38.215820
CHEMBL4121,completed,2026-09-28T15:27:38.215820
CHEMBL2527,completed,2026-09-28T15:27:38.215820
CHEMBL3062,completed,2026-09-28T15:27:38.215820
CHEMBL2494,completed,2026-09-28T15:27:38.215820
CHEMBL2897,completed,2026-09-28T15:27:38.215820
CHEMBL2208,completed,2026-09-28T15:27:38.215820
CHEMBL3094,completed,2026-09-28T15:27:38.215820
CHEMBL3717,completed,2026-09-28T15:27:38.215820
CHEMBL2801,completed,2026-09-28T15:27:38.215820
CHEMBL2250,completed,2026-09-28T15:27:38.215820
CHEMBL2708,completed,2026-09-28T15:27:38.215820
CHEMBL2873,completed,2026-09-28T15:27:38.215820
CHEMBL2872,completed,2026-09-28T15:27:38.215820
CHEMBL2292,completed,2026-09-28T15:27:38.215820
CHEMBL4147,completed,2026-09-28T15:27:38.215820
CHEMBL2007,completed,2026-09-28T15:27:38.215820
CHEMBL2349,completed,2026-09-28T15:27:38.215820
CHEMBL4630,completed,2026-09-28T15:27:38.215820
CHEMBL4722,completed,2026-09-28T15:27:38.215820
CHEMBL5026,completed,2026-09-28T15:27:38.215820
CHEMBL3831,completed,2026-09-28T15:27:38.215820
CHEMBL3829,completed,2026-09-28T15:27:38.215820
CHEMBL5073,completed,2026-09-28T15:27:38.215820
CHEMBL5256,completed,2026-09-28T15:27:38.215820
CHEMBL5258,completed,2026-09-28T15:27:38.215820
CHEMBL5284,completed,2026-09-28T15:27:38.215820
CHEMBL4522,completed,2026-09-28T15:27:38.215820
CHEMBL4895,completed,2026-09-28T15:27:38.215820
CHEMBL4376,completed,2026-09-28T15:27:38.215820
CHEMBL5198,completed,2026-09-28T15:27:38.215820
CHEMBL4516,completed,2026-09-28T15:27:38.215820
CHEMBL4575,completed,2026-09-28T15:27:38.215820
CHEMBL5275,completed,2026-09-28T15:27:38.215820
CHEMBL5331,completed,2026-09-28T15:27:38.215820
CHEMBL5416,completed,2026-09-28T15:27:38.215820
CHEMBL5467,completed,2026-09-28T15:27:38.215820
CHEMBL5052,completed,2026-09-28T15:27:38.215820
CHEMBL5082,completed,2026-09-28T15:27:38.215820
CHEMBL5432,completed,2026-09-28T15:27:38.215820
CHEMBL5650,completed,2026-09-28T15:27:38.215820
CHEMBL5684,completed,2026-09-28T15:27:38.215820
CHEMBL5719,completed,2026-09-28T15:27:38.215820
CHEMBL5749,completed,2026-09-28T15:27:38.215820
CHEMBL5754,completed,2026-09-28T15:27:38.215820
CHEMBL5808,completed,2026-09-28T15:27:38.215820
CHEMBL6002,completed,2026-09-28T15:27:38.215820
CHEMBL6166,completed,2026-09-28T15:27:38.215820
CHEMBL5940,completed,2026-09-28T15:27:38.215820
CHEMBL2426,completed,2026-09-28T15:27:39.461811
CHEMBL2480,completed,2026-09-28T15:27:39.461811
CHEMBL267,completed,2026-09-28T15:27:39.461811
CHEMBL1991,completed,2026-09-28T15:27:39.461811
CHEMBL3032,completed,2026-09-28T15:27:39.461811
CHEMBL3582,completed,2026-09-28T15:27:39.461811
CHEMBL2599,completed,2026-09-28T15:27:39.461811
CHEMBL3024,completed,2026-09-28T15:27:39.461811
CHEMBL2558,completed,2026-09-28T15:27:39.461811
CHEMBL3616,completed,2026-09-28T15:27:39.461811
CHEMBL3116,completed,2026-09-28T15:27:39.461811
CHEMBL3384,completed,2026-09-28T15:27:39.461811
CHEMBL301,completed,2026-09-28T15:27:39.461811
CHEMBL2996,completed,2026-09-28T15:27:39.461811
CHEMBL3920,completed,2026-09-28T15:27:39.461811
CHEMBL4442,completed,2026-09-28T15:27:39.461811
CHEMBL3055,completed,2026-09-28T15:27:39.461811
CHEMBL4439,completed,2026-09-28T15:27:39.461811
CHEMBL3938,completed,2026-09-28T15:27:39.461811
CHEMBL4225,completed,2026-09-28T15:27:39.461811
CHEMBL3834,completed,2026-09-28T15:27:39.461811
CHEMBL3835,completed,2026-09-28T15:27:39.461811
CHEMBL4600,completed,2026-09-28T15:27:39.461811
CHEMBL5257,completed,2026-09-28T15:27:39.461811
CHEMBL3984,completed,2026-09-28T15:27:39.461811
CHEMBL4203,completed,2026-09-28T15:27:39.461811
CHEMBL4309,completed,2026-09-28T15:27:39.461811
CHEMBL4851,completed,2026-09-28T15:27:39.461811
CHEMBL4487,completed,2026-09-28T15:27:39.461811
CHEMBL4267,completed,2026-09-28T15:27:39.461811
CHEMBL5251,completed,2026-09-28T15:27:39.461811
CHEMBL4897,completed,2026-09-28T15:27:39.461811
CHEMBL4246,completed,2026-09-28T15:27:39.461811
CHEMBL4670,completed,2026-09-28T15:27:39.461811
CHEMBL4576,completed,2026-09-28T15:27:39.461811
CHEMBL4577,completed,2026-09-28T15:27:39.461811
CHEMBL5604,completed,2026-09-28T15:27:39.461811
CHEMBL5044,completed,2026-09-28T15:27:39.461811
CHEMBL5519,completed,2026-09-28T15:27:39.462810
CHEMBL5546,completed,2026-09-28T15:27:39.462810
CHEMBL5579,completed,2026-09-28T15:27:39.462810
CHEMBL5654,completed,2026-09-28T15:27:39.462810
CHEMBL5683,completed,2026-09-28T15:27:39.462810
CHEMBL5753,completed,2026-09-28T15:27:39.462810
CHEMBL5810,completed,2026-09-28T15:27:39.462810
CHEMBL5855,completed,2026-09-28T15:27:39.462810
CHEMBL6082,completed,2026-09-28T15:27:39.462810
CHEMBL6123,completed,2026-09-28T15:27:39.462810
CHEMBL5698,completed,2026-09-28T15:27:39.462810
CHEMBL5703,completed,2026-09-28T15:27:39.462810
CHEMBL3142,completed,2026-09-28T15:27:40.553113
CHEMBL4142,completed,2026-09-28T15:27:40.553113
CHEMBL3476,completed,2026-09-28T15:27:40.553113
CHEMBL3125,completed,2026-09-28T15:27:40.553113
CHEMBL2595,completed,2026-09-28T15:27:40.553113
CHEMBL1868,completed,2026-09-28T15:27:40.553113
CHEMBL2896,completed,2026-09-28T15:27:40.553113
CHEMBL4273,completed,2026-09-28T15:27:40.553113
CHEMBL3290,completed,2026-09-28T15:27:40.553113
CHEMBL2793,completed,2026-09-28T15:27:40.553113
CHEMBL3099,completed,2026-09-28T15:27:40.553113
CHEMBL3906,completed,2026-09-28T15:27:40.553113
CHEMBL4175,completed,2026-09-28T15:27:40.553113
CHEMBL3973,completed,2026-09-28T15:27:40.553113
CHEMBL2742,completed,2026-09-28T15:27:40.553113
CHEMBL3009,completed,2026-09-28T15:27:40.553113
CHEMBL3357,completed,2026-09-28T15:27:40.553113
CHEMBL3982,completed,2026-09-28T15:27:40.553113
CHEMBL4601,completed,2026-09-28T15:27:40.553113
CHEMBL5455,completed,2026-09-28T15:27:40.553113
CHEMBL4454,completed,2026-09-28T15:27:40.553113
CHEMBL4900,completed,2026-09-28T15:27:40.553113
CHEMBL4901,completed,2026-09-28T15:27:40.553113
CHEMBL5332,completed,2026-09-28T15:27:40.553113
CHEMBL5464,completed,2026-09-28T15:27:40.553113
CHEMBL5568,completed,2026-09-28T15:27:40.553113
CHEMBL5607,completed,2026-09-28T15:27:40.553113
CHEMBL5121,completed,2026-09-28T15:27:40.553113
CHEMBL5261,completed,2026-09-28T15:27:40.553113
CHEMBL5427,completed,2026-09-28T15:27:40.553113
CHEMBL5728,completed,2026-09-28T15:27:40.553113
CHEMBL5776,completed,2026-09-28T15:27:40.553113
CHEMBL5785,completed,2026-09-28T15:27:40.553113
CHEMBL5856,completed,2026-09-28T15:27:40.553113
CHEMBL5671,completed,2026-09-28T15:27:40.553113
CHEMBL5701,completed,2026-09-28T15:27:40.553113
CHEMBL5759,completed,2026-09-28T15:27:40.553113
CHEMBL5861,completed,2026-09-28T15:27:40.553113
CHEMBL5836,completed,2026-09-28T15:27:40.553113
CHEMBL5838,completed,2026-09-28T15:27:40.553113
CHEMBL6191,completed,2026-09-28T15:27:40.553113
CHEMBL1075133,completed,2026-09-28T15:27:40.553113
CHEMBL1075167,completed,2026-09-28T15:27:40.553113
CHEMBL1163101,completed,2026-09-28T15:27:40.553113
CHEMBL1163106,completed,2026-09-28T15:27:40.553113
CHEMBL1163112,completed,2026-09-28T15:27:40.553113
CHEMBL1163117,completed,2026-09-28T15:27:40.553113
CHEMBL1163124,completed,2026-09-28T15:27:40.553113
CHEMBL1163126,completed,2026-09-28T15:27:40.553113
CHEMBL1795165,completed,2026-09-28T15:27:40.553113
CHEMBL3231,completed,2026-09-28T15:27:41.144246
CHEMBL2598,completed,2026-09-28T15:27:41.144246
CHEMBL2689,completed,2026-09-28T15:27:41.144246
CHEMBL3268,completed,2026-09-28T15:27:41.144246
CHEMBL3956,completed,2026-09-28T15:27:41.144246
CHEMBL331,completed,2026-09-28T15:27:41.144246
CHEMBL3778,completed,2026-09-28T15:27:41.144246
CHEMBL3542,completed,2026-09-28T15:27:41.144246
CHEMBL5408,completed,2026-09-28T15:27:41.145237
CHEMBL5330,completed,2026-09-28T15:27:41.145237
CHEMBL5415,completed,2026-09-28T15:27:41.145237
CHEMBL5047,completed,2026-09-28T15:27:41.145237
CHEMBL5095,completed,2026-09-28T15:27:41.145237
CHEMBL5116,completed,2026-09-28T15:27:41.145237
CHEMBL5435,completed,2026-09-28T15:27:41.145237
CHEMBL5476,completed,2026-09-28T15:27:41.145237
CHEMBL5518,completed,2026-09-28T15:27:41.145237
CHEMBL5554,completed,2026-09-28T15:27:41.145237
CHEMBL5651,completed,2026-09-28T15:27:41.145237
CHEMBL5819,completed,2026-09-28T15:27:41.145237
CHEMBL5970,completed,2026-09-28T15:27:41.145237
CHEMBL6000,completed,2026-09-28T15:27:41.145237
CHEMBL6006,completed,2026-09-28T15:27:41.145237
CHEMBL6083,completed,2026-09-28T15:27:41.145237
CHEMBL5789,completed,2026-09-28T15:27:41.145237
CHEMBL5938,completed,2026-09-28T15:27:41.145237
CHEMBL5679,completed,2026-09-28T15:27:41.145237
CHEMBL6186,completed,2026-09-28T15:27:41.145237
CHEMBL6029,completed,2026-09-28T15:27:41.145237
CHEMBL5914,completed,2026-09-28T15:27:41.145237
CHEMBL6149,completed,2026-09-28T15:27:41.145237
CHEMBL6150,completed,2026-09-28T15:27:41.145237
CHEMBL6154,completed,2026-09-28T15:27:41.145237
CHEMBL1075155,completed,2026-09-28T15:27:41.145237
CHEMBL1075195,completed,2026-09-28T15:27:41.145237
CHEMBL1163104,completed,2026-09-28T15:27:41.145237
CHEMBL1163108,completed,2026-09-28T15:27:41.145237
CHEMBL1163120,completed,2026-09-28T15:27:41.145237
CHEMBL1163123,completed,2026-09-28T15:27:41.145237
CHEMBL1163127,completed,2026-09-28T15:27:41.145237
CHEMBL1163128,completed,2026-09-28T15:27:41.145237
CHEMBL1163129,completed,2026-09-28T15:27:41.145237
CHEMBL1628470,completed,2026-09-28T15:27:41.145237
CHEMBL1649059,completed,2026-09-28T15:27:41.145237
CHEMBL1795192,completed,2026-09-28T15:27:41.145237
CHEMBL1908381,completed,2026-09-28T15:27:41.145237
CHEMBL1908382,completed,2026-09-28T15:27:41.145237
CHEMBL1908383,completed,2026-09-28T15:27:41.145237
CHEMBL1908384,completed,2026-09-28T15:27:41.145237
CHEMBL1908389,completed,2026-09-28T15:27:41.145237
CHEMBL2447,completed,2026-09-28T15:27:47.515874
CHEMBL3589,completed,2026-09-28T15:27:47.515874
CHEMBL4938,completed,2026-09-28T15:27:47.515874
CHEMBL4948,completed,2026-09-28T15:27:47.515874
CHEMBL2508,completed,2026-09-28T15:27:47.515874
CHEMBL2749,completed,2026-09-28T15:27:47.515874
CHEMBL4079,completed,2026-09-28T15:27:47.515874
CHEMBL2938,completed,2026-09-28T15:27:47.515874
CHEMBL308,completed,2026-09-28T15:27:47.515874
CHEMBL3530,completed,2026-09-28T15:27:47.515874
CHEMBL4627,completed,2026-09-28T15:27:47.515874
CHEMBL5024,completed,2026-09-28T15:27:47.515874
CHEMBL5443,completed,2026-09-28T15:27:47.515874
CHEMBL5146,completed,2026-09-28T15:27:47.515874
CHEMBL4896,completed,2026-09-28T15:27:47.515874
CHEMBL5553,completed,2026-09-28T15:27:47.515874
CHEMBL6090,completed,2026-09-28T15:27:47.515874
CHEMBL5794,completed,2026-09-28T15:27:47.515874
CHEMBL6014,completed,2026-09-28T15:27:47.515874
CHEMBL6054,completed,2026-09-28T15:27:47.515874
CHEMBL5678,completed,2026-09-28T15:27:47.515874
CHEMBL5638,completed,2026-09-28T15:27:47.515874
CHEMBL1075104,completed,2026-09-28T15:27:47.515874
CHEMBL1169596,completed,2026-09-28T15:27:47.515874
CHEMBL1770034,completed,2026-09-28T15:27:47.515874
CHEMBL1772932,completed,2026-09-28T15:27:47.515874
CHEMBL1908385,completed,2026-09-28T15:27:47.515874
CHEMBL1908386,completed,2026-09-28T15:27:47.515874
CHEMBL1908387,completed,2026-09-28T15:27:47.515874
CHEMBL1908388,completed,2026-09-28T15:27:47.515874
CHEMBL2010634,completed,2026-09-28T15:27:47.515874
CHEMBL2189122,completed,2026-09-28T15:27:47.515874
CHEMBL2331049,completed,2026-09-28T15:27:47.515874
CHEMBL2331059,completed,2026-09-28T15:27:47.515874
CHEMBL3559692,completed,2026-09-28T15:27:47.515874
CHEMBL3769292,completed,2026-09-28T15:27:47.515874
CHEMBL4105707,completed,2026-09-28T15:27:47.515874
CHEMBL4105742,completed,2026-09-28T15:27:47.515874
CHEMBL4105748,completed,2026-09-28T15:27:47.515874
CHEMBL4105783,completed,2026-09-28T15:27:47.515874
CHEMBL4105814,completed,2026-09-28T15:27:47.515874
CHEMBL4105816,completed,2026-09-28T15:27:47.515874
CHEMBL4105817,completed,2026-09-28T15:27:47.515874
CHEMBL4105818,completed,2026-09-28T15:27:47.515874
CHEMBL4105819,completed,2026-09-28T15:27:47.515874
CHEMBL4105857,completed,2026-09-28T15:27:47.515874
CHEMBL4105885,completed,2026-09-28T15:27:47.515874
CHEMBL4105892,completed,2026-09-28T15:27:47.515874
CHEMBL4105937,completed,2026-09-28T15:27:47.515874
CHEMBL4105975,completed,2026-09-28T15:27:47.515874
CHEMBL2002,completed,2026-09-28T15:27:53.628313
CHEMBL3959,completed,2026-09-28T15:27:53.628313
CHEMBL2393,completed,2026-09-28T15:27:53.628313
CHEMBL2453,completed,2026-09-28T15:27:53.628313
CHEMBL3856,completed,2026-09-28T15:27:53.628313
CHEMBL2972,completed,2026-09-28T15:27:53.628313
CHEMBL2546,completed,2026-09-28T15:27:53.628313
CHEMBL2568,completed,2026-09-28T15:27:53.628313
CHEMBL2221,completed,2026-09-28T15:27:53.628313
CHEMBL3045,completed,2026-09-28T15:27:53.628313
CHEMBL2743,completed,2026-09-28T15:27:53.628313
CHEMBL5247,completed,2026-09-28T15:27:53.628313
CHEMBL5922,completed,2026-09-28T15:27:53.628313
CHEMBL6144,completed,2026-09-28T15:27:53.628313
CHEMBL1075181,completed,2026-09-28T15:27:53.628313
CHEMBL1741190,completed,2026-09-28T15:27:53.628313
CHEMBL1795194,completed,2026-09-28T15:27:53.628313
CHEMBL1795199,completed,2026-09-28T15:27:53.628313
CHEMBL3313835,completed,2026-09-28T15:27:53.628313
CHEMBL3627581,completed,2026-09-28T15:27:53.628313
CHEMBL3709670,completed,2026-09-28T15:27:53.628313
CHEMBL3831205,completed,2026-09-28T15:27:53.628313
CHEMBL3879831,completed,2026-09-28T15:27:53.628313
CHEMBL4105702,completed,2026-09-28T15:27:53.628313
CHEMBL4105703,completed,2026-09-28T15:27:53.628313
CHEMBL4105704,completed,2026-09-28T15:27:53.628313
CHEMBL4105705,completed,2026-09-28T15:27:53.628313
CHEMBL4105706,completed,2026-09-28T15:27:53.628313
CHEMBL4105743,completed,2026-09-28T15:27:53.628313
CHEMBL4105744,completed,2026-09-28T15:27:53.628313
CHEMBL4105745,completed,2026-09-28T15:27:53.628313
CHEMBL4105746,completed,2026-09-28T15:27:53.628313
CHEMBL4105747,completed,2026-09-28T15:27:53.628313
CHEMBL4105779,completed,2026-09-28T15:27:53.628313
CHEMBL4105780,completed,2026-09-28T15:27:53.628313
CHEMBL4105781,completed,2026-09-28T15:27:53.628313
CHEMBL4105815,completed,2026-09-28T15:27:53.628313
CHEMBL4105821,completed,2026-09-28T15:27:53.628313
CHEMBL4105853,completed,2026-09-28T15:27:53.628313
CHEMBL4105854,completed,2026-09-28T15:27:53.628313
CHEMBL4105858,completed,2026-09-28T15:27:53.628313
CHEMBL4105888,completed,2026-09-28T15:27:53.628313
CHEMBL4105889,completed,2026-09-28T15:27:53.628313
CHEMBL4105890,completed,2026-09-28T15:27:53.628313
CHEMBL4105891,completed,2026-09-28T15:27:53.628313
CHEMBL4105933,completed,2026-09-28T15:27:53.628313
CHEMBL4105935,completed,2026-09-28T15:27:53.628313
CHEMBL4105969,completed,2026-09-28T15:27:53.628313
CHEMBL4105971,completed,2026-09-28T15:27:53.628313
CHEMBL4105972,completed,2026-09-28T15:27:53.628313
CHEMBL1806,completed,2026-09-28T15:27:57.451147
CHEMBL2039,completed,2026-09-28T15:27:57.451147
CHEMBL1783,completed,2026-09-28T15:27:57.451147
CHEMBL5136,completed,2026-09-28T15:27:57.451147
CHEMBL3860,completed,2026-09-28T15:27:57.451147
CHEMBL3238,completed,2026-09-28T15:27:57.451147
CHEMBL4552,completed,2026-09-28T15:27:57.451147
CHEMBL4869,completed,2026-09-28T15:27:57.451147
CHEMBL2128,completed,2026-09-28T15:27:57.451147
CHEMBL2459,completed,2026-09-28T15:27:57.451147
CHEMBL2472,completed,2026-09-28T15:27:57.451147
CHEMBL5112,completed,2026-09-28T15:27:57.451147
CHEMBL3179,completed,2026-09-28T15:27:57.451147
CHEMBL300,completed,2026-09-28T15:27:57.451147
CHEMBL3608,completed,2026-09-28T15:27:57.451147
CHEMBL3396,completed,2026-09-28T15:27:57.451147
CHEMBL3337,completed,2026-09-28T15:27:57.451147
CHEMBL321,completed,2026-09-28T15:27:57.451147
CHEMBL3026,completed,2026-09-28T15:27:57.451147
CHEMBL328,completed,2026-09-28T15:27:57.451147
CHEMBL4956,completed,2026-09-28T15:27:57.451147
CHEMBL329,completed,2026-09-28T15:27:57.451147
CHEMBL2871,completed,2026-09-28T15:27:57.451147
CHEMBL4037,completed,2026-09-28T15:27:57.451147
CHEMBL335,completed,2026-09-28T15:27:57.451147
CHEMBL341,completed,2026-09-28T15:27:57.451147
CHEMBL5287,completed,2026-09-28T15:27:57.451147
CHEMBL4422,completed,2026-09-28T15:27:57.451147
CHEMBL4506,completed,2026-09-28T15:27:57.451147
CHEMBL3986,completed,2026-09-28T15:27:57.451147
CHEMBL6136,completed,2026-09-28T15:27:57.451147
CHEMBL5917,completed,2026-09-28T15:27:57.451147
CHEMBL1075146,completed,2026-09-28T15:27:57.451147
CHEMBL1293194,completed,2026-09-28T15:27:57.451147
CHEMBL1697658,completed,2026-09-28T15:27:57.451147
CHEMBL1795168,completed,2026-09-28T15:27:57.451147
CHEMBL1795198,completed,2026-09-28T15:27:57.451147
CHEMBL1938223,completed,2026-09-28T15:27:57.451147
CHEMBL2062349,completed,2026-09-28T15:27:57.451147
CHEMBL2069163,completed,2026-09-28T15:27:57.451147
CHEMBL2216739,completed,2026-09-28T15:27:57.451147
CHEMBL2331061,completed,2026-09-28T15:27:57.451147
CHEMBL3259467,completed,2026-09-28T15:27:57.451147
CHEMBL3308979,completed,2026-09-28T15:27:57.451147
CHEMBL3632452,completed,2026-09-28T15:27:57.451147
CHEMBL4105820,completed,2026-09-28T15:27:57.451147
CHEMBL4105970,completed,2026-09-28T15:27:57.451147
CHEMBL4105973,completed,2026-09-28T15:27:57.451147
CHEMBL4295626,completed,2026-09-28T15:27:57.451147
CHEMBL4523399,completed,2026-09-28T15:27:57.451147
CHEMBL1798,completed,2026-09-28T15:28:00.124041
CHEMBL1949,completed,2026-09-28T15:28:00.124041
CHEMBL1837,completed,2026-09-28T15:28:00.124041
CHEMBL4330,completed,2026-09-28T15:28:00.124041
CHEMBL4835,completed,2026-09-28T15:28:00.124041
CHEMBL4878,completed,2026-09-28T15:28:00.124041
CHEMBL4940,completed,2026-09-28T15:28:00.124041
CHEMBL5373,completed,2026-09-28T15:28:00.124041
CHEMBL3037,completed,2026-09-28T15:28:00.124041
CHEMBL3571,completed,2026-09-28T15:28:00.124041
CHEMBL277,completed,2026-09-28T15:28:00.124041
CHEMBL2524,completed,2026-09-28T15:28:00.124041
CHEMBL2799,completed,2026-09-28T15:28:00.124041
CHEMBL4158,completed,2026-09-28T15:28:00.124041
CHEMBL3006,completed,2026-09-28T15:28:00.124041
CHEMBL2370,completed,2026-09-28T15:28:00.124041
CHEMBL3455,completed,2026-09-28T15:28:00.124041
CHEMBL4642,completed,2026-09-28T15:28:00.124041
CHEMBL2731,completed,2026-09-28T15:28:00.124041
CHEMBL3561,completed,2026-09-28T15:28:00.124041
CHEMBL4361,completed,2026-09-28T15:28:00.124041
CHEMBL3691,completed,2026-09-28T15:28:00.124041
CHEMBL5172,completed,2026-09-28T15:28:00.124041
CHEMBL5542,completed,2026-09-28T15:28:00.124041
CHEMBL5160,completed,2026-09-28T15:28:00.124041
CHEMBL5516,completed,2026-09-28T15:28:00.124041
CHEMBL6007,completed,2026-09-28T15:28:00.124041
CHEMBL6036,completed,2026-09-28T15:28:00.124041
CHEMBL5645,completed,2026-09-28T15:28:00.124041
CHEMBL6113,completed,2026-09-28T15:28:00.124041
CHEMBL1075294,completed,2026-09-28T15:28:00.124041
CHEMBL1075307,completed,2026-09-28T15:28:00.124041
CHEMBL1075319,completed,2026-09-28T15:28:00.124041
CHEMBL1075322,completed,2026-09-28T15:28:00.124041
CHEMBL1293275,completed,2026-09-28T15:28:00.124041
CHEMBL1293277,completed,2026-09-28T15:28:00.124041
CHEMBL1293287,completed,2026-09-28T15:28:00.124041
CHEMBL1743183,completed,2026-09-28T15:28:00.124041
CHEMBL2073667,completed,2026-09-28T15:28:00.124041
CHEMBL2073670,completed,2026-09-28T15:28:00.124041
CHEMBL2189127,completed,2026-09-28T15:28:00.124041
CHEMBL2321617,completed,2026-09-28T15:28:00.124041
CHEMBL2384898,completed,2026-09-28T15:28:00.124041
CHEMBL3259470,completed,2026-09-28T15:28:00.124041
CHEMBL3879870,completed,2026-09-28T15:28:00.124041
CHEMBL4105829,completed,2026-09-28T15:28:00.124041
CHEMBL4105864,completed,2026-09-28T15:28:00.124041
CHEMBL4295557,completed,2026-09-28T15:28:00.124041
CHEMBL5305023,completed,2026-09-28T15:28:00.124041
CHEMBL6066225,completed,2026-09-28T15:28:00.124041
CHEMBL2052,completed,2026-09-28T15:28:02.603543
CHEMBL243,completed,2026-09-28T15:28:02.603543
CHEMBL1904,completed,2026-09-28T15:28:02.603543
CHEMBL4883,completed,2026-09-28T15:28:02.603543
CHEMBL2104,completed,2026-09-28T15:28:02.603543
CHEMBL2439,completed,2026-09-28T15:28:02.603543
CHEMBL2490,completed,2026-09-28T15:28:02.603543
CHEMBL4744,completed,2026-09-28T15:28:02.603543
CHEMBL2632,completed,2026-09-28T15:28:02.603543
CHEMBL2536,completed,2026-09-28T15:28:02.603543
CHEMBL2125,completed,2026-09-28T15:28:02.603543
CHEMBL2462,completed,2026-09-28T15:28:02.603543
CHEMBL4608,completed,2026-09-28T15:28:02.604549
CHEMBL3071,completed,2026-09-28T15:28:02.604549
CHEMBL3331,completed,2026-09-28T15:28:02.604549
CHEMBL3687,completed,2026-09-28T15:28:02.604549
CHEMBL3414,completed,2026-09-28T15:28:02.604549
CHEMBL1964,completed,2026-09-28T15:28:02.604549
CHEMBL4124,completed,2026-09-28T15:28:02.604549
CHEMBL4133,completed,2026-09-28T15:28:02.604549
CHEMBL4033,completed,2026-09-28T15:28:02.604549
CHEMBL2758,completed,2026-09-28T15:28:02.604549
CHEMBL2734,completed,2026-09-28T15:28:02.604549
CHEMBL5102,completed,2026-09-28T15:28:02.604549
CHEMBL3021,completed,2026-09-28T15:28:02.604549
CHEMBL2857,completed,2026-09-28T15:28:02.604549
CHEMBL2916,completed,2026-09-28T15:28:02.604549
CHEMBL2724,completed,2026-09-28T15:28:02.604549
CHEMBL3442,completed,2026-09-28T15:28:02.604549
CHEMBL3999,completed,2026-09-28T15:28:02.604549
CHEMBL3097,completed,2026-09-28T15:28:02.604549
CHEMBL3698,completed,2026-09-28T15:28:02.604549
CHEMBL4685,completed,2026-09-28T15:28:02.604549
CHEMBL4693,completed,2026-09-28T15:28:02.604549
CHEMBL1169598,completed,2026-09-28T15:28:02.604549
CHEMBL1250404,completed,2026-09-28T15:28:02.604549
CHEMBL1287628,completed,2026-09-28T15:28:02.604549
CHEMBL1641354,completed,2026-09-28T15:28:02.604549
CHEMBL1641356,completed,2026-09-28T15:28:02.604549
CHEMBL1641357,completed,2026-09-28T15:28:02.604549
CHEMBL1697667,completed,2026-09-28T15:28:02.604549
CHEMBL1932894,completed,2026-09-28T15:28:02.604549
CHEMBL2364163,completed,2026-09-28T15:28:02.604549
CHEMBL3308939,completed,2026-09-28T15:28:02.604549
CHEMBL4105757,completed,2026-09-28T15:28:02.604549
CHEMBL4105787,completed,2026-09-28T15:28:02.604549
CHEMBL4105825,completed,2026-09-28T15:28:02.604549
CHEMBL4295747,completed,2026-09-28T15:28:02.604549
CHEMBL4523253,completed,2026-09-28T15:28:02.604549
CHEMBL6196142,completed,2026-09-28T15:28:02.604549
CHEMBL1809,completed,2026-09-28T15:28:06.877435
CHEMBL2051,completed,2026-09-28T15:28:06.877435
CHEMBL1858,completed,2026-09-28T15:28:06.877435
CHEMBL1828,completed,2026-09-28T15:28:06.877435
CHEMBL1845,completed,2026-09-28T15:28:06.877435
CHEMBL1895,completed,2026-09-28T15:28:06.877435
CHEMBL2334,completed,2026-09-28T15:28:06.877435
CHEMBL3816,completed,2026-09-28T15:28:06.877435
CHEMBL3200,completed,2026-09-28T15:28:06.877435
CHEMBL3377,completed,2026-09-28T15:28:06.877435
CHEMBL3046,completed,2026-09-28T15:28:06.877435
CHEMBL4174,completed,2026-09-28T15:28:06.877435
CHEMBL2735,completed,2026-09-28T15:28:06.877435
CHEMBL3471,completed,2026-09-28T15:28:06.877435
CHEMBL2726,completed,2026-09-28T15:28:06.877435
CHEMBL2728,completed,2026-09-28T15:28:06.877435
CHEMBL5202,completed,2026-09-28T15:28:06.877435
CHEMBL4088,completed,2026-09-28T15:28:06.877435
CHEMBL3832,completed,2026-09-28T15:28:06.877435
CHEMBL4859,completed,2026-09-28T15:28:06.877435
CHEMBL5445,completed,2026-09-28T15:28:06.877435
CHEMBL5205,completed,2026-09-28T15:28:06.877435
CHEMBL3699,completed,2026-09-28T15:28:06.877435
CHEMBL4228,completed,2026-09-28T15:28:06.877435
CHEMBL5314,completed,2026-09-28T15:28:06.877435
CHEMBL5661,completed,2026-09-28T15:28:06.877435
CHEMBL6173,completed,2026-09-28T15:28:06.877435
CHEMBL6135,completed,2026-09-28T15:28:06.877435
CHEMBL1075115,completed,2026-09-28T15:28:06.877435
CHEMBL1287607,completed,2026-09-28T15:28:06.877435
CHEMBL1287610,completed,2026-09-28T15:28:06.877435
CHEMBL1293228,completed,2026-09-28T15:28:06.877435
CHEMBL1667683,completed,2026-09-28T15:28:06.877435
CHEMBL1667684,completed,2026-09-28T15:28:06.877435
CHEMBL1667685,completed,2026-09-28T15:28:06.877435
CHEMBL1667686,completed,2026-09-28T15:28:06.877435
CHEMBL1681613,completed,2026-09-28T15:28:06.877435
CHEMBL1921666,completed,2026-09-28T15:28:06.877435
CHEMBL2046263,completed,2026-09-28T15:28:06.877435
CHEMBL2150841,completed,2026-09-28T15:28:06.877435
CHEMBL2311234,completed,2026-09-28T15:28:06.877435
CHEMBL2331044,completed,2026-09-28T15:28:06.877435
CHEMBL2424506,completed,2026-09-28T15:28:06.877435
CHEMBL3769299,completed,2026-09-28T15:28:06.877435
CHEMBL4105852,completed,2026-09-28T15:28:06.877435
CHEMBL4105855,completed,2026-09-28T15:28:06.877435
CHEMBL4105856,completed,2026-09-28T15:28:06.877435
CHEMBL4105886,completed,2026-09-28T15:28:06.877435
CHEMBL4105887,completed,2026-09-28T15:28:06.877435
CHEMBL4105932,completed,2026-09-28T15:28:06.877435
CHEMBL402,completed,2026-09-28T15:28:08.389633
CHEMBL1875,completed,2026-09-28T15:28:08.389633
CHEMBL4317,completed,2026-09-28T15:28:08.389633
CHEMBL5444,completed,2026-09-28T15:28:08.389633
CHEMBL2596,completed,2026-09-28T15:28:08.389633
CHEMBL2146,completed,2026-09-28T15:28:08.389633
CHEMBL4029,completed,2026-09-28T15:28:08.389633
CHEMBL3921,completed,2026-09-28T15:28:08.389633
CHEMBL3923,completed,2026-09-28T15:28:08.389633
CHEMBL3394,completed,2026-09-28T15:28:08.389633
CHEMBL2411,completed,2026-09-28T15:28:08.389633
CHEMBL3368,completed,2026-09-28T15:28:08.389633
CHEMBL2756,completed,2026-09-28T15:28:08.389633
CHEMBL3216,completed,2026-09-28T15:28:08.389633
CHEMBL4822,completed,2026-09-28T15:28:08.389633
CHEMBL2359,completed,2026-09-28T15:28:08.389633
CHEMBL2289,completed,2026-09-28T15:28:08.389633
CHEMBL3658,completed,2026-09-28T15:28:08.389633
CHEMBL4592,completed,2026-09-28T15:28:08.389633
CHEMBL3186,completed,2026-09-28T15:28:08.389633
CHEMBL5558,completed,2026-09-28T15:28:08.389633
CHEMBL3492,completed,2026-09-28T15:28:08.389633
CHEMBL4662,completed,2026-09-28T15:28:08.389633
CHEMBL4208,completed,2026-09-28T15:28:08.389633
CHEMBL5192,completed,2026-09-28T15:28:08.389633
CHEMBL5221,completed,2026-09-28T15:28:08.389633
CHEMBL5472,completed,2026-09-28T15:28:08.389633
CHEMBL5758,completed,2026-09-28T15:28:08.389633
CHEMBL5646,completed,2026-09-28T15:28:08.389633
CHEMBL6015,completed,2026-09-28T15:28:08.389633
CHEMBL1075051,completed,2026-09-28T15:28:08.389633
CHEMBL5983,completed,2026-09-28T15:28:08.389633
CHEMBL1075189,completed,2026-09-28T15:28:08.389633
CHEMBL1163116,completed,2026-09-28T15:28:08.389633
CHEMBL1628478,completed,2026-09-28T15:28:08.389633
CHEMBL1944489,completed,2026-09-28T15:28:08.389633
CHEMBL1961788,completed,2026-09-28T15:28:08.389633
CHEMBL2052030,completed,2026-09-28T15:28:08.389633
CHEMBL2073668,completed,2026-09-28T15:28:08.389633
CHEMBL2073676,completed,2026-09-28T15:28:08.389633
CHEMBL2073684,completed,2026-09-28T15:28:08.389633
CHEMBL2146310,completed,2026-09-28T15:28:08.389633
CHEMBL2146316,completed,2026-09-28T15:28:08.389633
CHEMBL3232678,completed,2026-09-28T15:28:08.389633
CHEMBL4105941,completed,2026-09-28T15:28:08.389633
CHEMBL4295592,completed,2026-09-28T15:28:08.389633
CHEMBL4295612,completed,2026-09-28T15:28:08.389633
CHEMBL4295840,completed,2026-09-28T15:28:08.389633
CHEMBL4523332,completed,2026-09-28T15:28:08.389633
CHEMBL5169127,completed,2026-09-28T15:28:08.389633
CHEMBL1978,completed,2026-09-28T15:28:15.123282
CHEMBL1805,completed,2026-09-28T15:28:15.123282
CHEMBL3429,completed,2026-09-28T15:28:15.123282
CHEMBL2107,completed,2026-09-28T15:28:15.123282
CHEMBL5450,completed,2026-09-28T15:28:15.123282
CHEMBL2492,completed,2026-09-28T15:28:15.123282
CHEMBL3069,completed,2026-09-28T15:28:15.123282
CHEMBL4245,completed,2026-09-28T15:28:15.123282
CHEMBL3559,completed,2026-09-28T15:28:15.123282
CHEMBL3573,completed,2026-09-28T15:28:15.123282
CHEMBL4185,completed,2026-09-28T15:28:15.123282
CHEMBL296,completed,2026-09-28T15:28:15.123282
CHEMBL3181,completed,2026-09-28T15:28:15.123282
CHEMBL3736,completed,2026-09-28T15:28:15.123282
CHEMBL3202,completed,2026-09-28T15:28:15.123282
CHEMBL307,completed,2026-09-28T15:28:15.123282
CHEMBL311,completed,2026-09-28T15:28:15.123282
CHEMBL3247,completed,2026-09-28T15:28:15.123282
CHEMBL4445,completed,2026-09-28T15:28:15.123282
CHEMBL4499,completed,2026-09-28T15:28:15.123282
CHEMBL333,completed,2026-09-28T15:28:15.123282
CHEMBL3852,completed,2026-09-28T15:28:15.123282
CHEMBL4105,completed,2026-09-28T15:28:15.123282
CHEMBL4218,completed,2026-09-28T15:28:15.123282
CHEMBL4695,completed,2026-09-28T15:28:15.123282
CHEMBL4374,completed,2026-09-28T15:28:15.123282
CHEMBL5149,completed,2026-09-28T15:28:15.123282
CHEMBL5351,completed,2026-09-28T15:28:15.123282
CHEMBL5002,completed,2026-09-28T15:28:15.124278
CHEMBL5755,completed,2026-09-28T15:28:15.124278
CHEMBL6089,completed,2026-09-28T15:28:15.124278
CHEMBL5990,completed,2026-09-28T15:28:15.124278
CHEMBL5998,completed,2026-09-28T15:28:15.124278
CHEMBL1075216,completed,2026-09-28T15:28:15.124278
CHEMBL1163121,completed,2026-09-28T15:28:15.124278
CHEMBL1293263,completed,2026-09-28T15:28:15.124278
CHEMBL1293311,completed,2026-09-28T15:28:15.124278
CHEMBL1293319,completed,2026-09-28T15:28:15.124278
CHEMBL1741167,completed,2026-09-28T15:28:15.124278
CHEMBL1741217,completed,2026-09-28T15:28:15.124278
CHEMBL2304408,completed,2026-09-28T15:28:15.124278
CHEMBL2311238,completed,2026-09-28T15:28:15.124278
CHEMBL3232680,completed,2026-09-28T15:28:15.124278
CHEMBL3638336,completed,2026-09-28T15:28:15.124278
CHEMBL3779755,completed,2026-09-28T15:28:15.124278
CHEMBL3879838,completed,2026-09-28T15:28:15.124278
CHEMBL4295581,completed,2026-09-28T15:28:15.124278
CHEMBL4523185,completed,2026-09-28T15:28:15.124278
CHEMBL4662936,completed,2026-09-28T15:28:15.124278
CHEMBL6066152,completed,2026-09-28T15:28:15.124278
CHEMBL4618,completed,2026-09-28T15:28:17.757097
CHEMBL2004,completed,2026-09-28T15:28:17.757097
CHEMBL1870,completed,2026-09-28T15:28:17.757097
CHEMBL2079,completed,2026-09-28T15:28:17.757097
CHEMBL3266,completed,2026-09-28T15:28:17.757097
CHEMBL2105,completed,2026-09-28T15:28:17.757097
CHEMBL4945,completed,2026-09-28T15:28:17.757097
CHEMBL3769,completed,2026-09-28T15:28:17.757097
CHEMBL3837,completed,2026-09-28T15:28:17.757097
CHEMBL3911,completed,2026-09-28T15:28:17.757097
CHEMBL4633,completed,2026-09-28T15:28:17.757097
CHEMBL3474,completed,2026-09-28T15:28:17.757097
CHEMBL2249,completed,2026-09-28T15:28:17.757097
CHEMBL4028,completed,2026-09-28T15:28:17.757097
CHEMBL4177,completed,2026-09-28T15:28:17.757097
CHEMBL2840,completed,2026-09-28T15:28:17.757097
CHEMBL3084,completed,2026-09-28T15:28:17.757097
CHEMBL4047,completed,2026-09-28T15:28:17.757097
CHEMBL2792,completed,2026-09-28T15:28:17.757097
CHEMBL4172,completed,2026-09-28T15:28:17.757097
CHEMBL3738,completed,2026-09-28T15:28:17.757097
CHEMBL2818,completed,2026-09-28T15:28:17.757097
CHEMBL2738,completed,2026-09-28T15:28:17.757097
CHEMBL320,completed,2026-09-28T15:28:17.757097
CHEMBL3019,completed,2026-09-28T15:28:17.757097
CHEMBL4402,completed,2026-09-28T15:28:17.757097
CHEMBL3208,completed,2026-09-28T15:28:17.757097
CHEMBL3144,completed,2026-09-28T15:28:17.757097
CHEMBL5211,completed,2026-09-28T15:28:17.757097
CHEMBL2672,completed,2026-09-28T15:28:17.757097
CHEMBL5023,completed,2026-09-28T15:28:17.757097
CHEMBL3318,completed,2026-09-28T15:28:17.757097
CHEMBL5868,completed,2026-09-28T15:28:17.757097
CHEMBL1075257,completed,2026-09-28T15:28:17.757097
CHEMBL1287622,completed,2026-09-28T15:28:17.757097
CHEMBL1293304,completed,2026-09-28T15:28:17.757097
CHEMBL1938208,completed,2026-09-28T15:28:17.757097
CHEMBL2146309,completed,2026-09-28T15:28:17.757097
CHEMBL2176769,completed,2026-09-28T15:28:17.757097
CHEMBL3091268,completed,2026-09-28T15:28:17.757097
CHEMBL3542436,completed,2026-09-28T15:28:17.757097
CHEMBL3596084,completed,2026-09-28T15:28:17.758108
CHEMBL3706559,completed,2026-09-28T15:28:17.758108
CHEMBL3711550,completed,2026-09-28T15:28:17.758108
CHEMBL3714029,completed,2026-09-28T15:28:17.758108
CHEMBL3879830,completed,2026-09-28T15:28:17.758108
CHEMBL3879860,completed,2026-09-28T15:28:17.758108
CHEMBL4523423,completed,2026-09-28T15:28:17.758108
CHEMBL4523494,completed,2026-09-28T15:28:17.758108
CHEMBL4879491,completed,2026-09-28T15:28:17.758108
CHEMBL2065,completed,2026-09-28T15:28:21.331692
CHEMBL2001,completed,2026-09-28T15:28:21.331692
CHEMBL2626,completed,2026-09-28T15:28:21.331692
CHEMBL280,completed,2026-09-28T15:28:21.331692
CHEMBL283,completed,2026-09-28T15:28:21.331692
CHEMBL4588,completed,2026-09-28T15:28:21.331692
CHEMBL3172,completed,2026-09-28T15:28:21.331692
CHEMBL4785,completed,2026-09-28T15:28:21.332696
CHEMBL2219,completed,2026-09-28T15:28:21.332696
CHEMBL2725,completed,2026-09-28T15:28:21.332696
CHEMBL5031,completed,2026-09-28T15:28:21.332696
CHEMBL5094,completed,2026-09-28T15:28:21.332696
CHEMBL5157,completed,2026-09-28T15:28:21.332696
CHEMBL5482,completed,2026-09-28T15:28:21.332696
CHEMBL6131,completed,2026-09-28T15:28:21.332696
CHEMBL6132,completed,2026-09-28T15:28:21.332696
CHEMBL5798,completed,2026-09-28T15:28:21.332696
CHEMBL6187,completed,2026-09-28T15:28:21.332696
CHEMBL6111,completed,2026-09-28T15:28:21.332696
CHEMBL1667695,completed,2026-09-28T15:28:21.332696
CHEMBL1667697,completed,2026-09-28T15:28:21.332696
CHEMBL2034804,completed,2026-09-28T15:28:21.332696
CHEMBL2259246,completed,2026-09-28T15:28:21.332696
CHEMBL3309105,completed,2026-09-28T15:28:21.332696
CHEMBL3309106,completed,2026-09-28T15:28:21.332696
CHEMBL3309107,completed,2026-09-28T15:28:21.332696
CHEMBL3309108,completed,2026-09-28T15:28:21.332696
CHEMBL3309109,completed,2026-09-28T15:28:21.332696
CHEMBL3309110,completed,2026-09-28T15:28:21.332696
CHEMBL3559704,completed,2026-09-28T15:28:21.332696
CHEMBL3559705,completed,2026-09-28T15:28:21.332696
CHEMBL3559706,completed,2026-09-28T15:28:21.332696
CHEMBL3562178,completed,2026-09-28T15:28:21.332696
CHEMBL3885665,completed,2026-09-28T15:28:21.332696
CHEMBL3885669,completed,2026-09-28T15:28:21.332696
CHEMBL3988599,completed,2026-09-28T15:28:21.332696
CHEMBL4295835,completed,2026-09-28T15:28:21.332696
CHEMBL4296299,completed,2026-09-28T15:28:21.332696
CHEMBL4523248,completed,2026-09-28T15:28:21.332696
CHEMBL4523249,completed,2026-09-28T15:28:21.332696
CHEMBL4523250,completed,2026-09-28T15:28:21.332696
CHEMBL4523251,completed,2026-09-28T15:28:21.332696
CHEMBL4523252,completed,2026-09-28T15:28:21.332696
CHEMBL4523254,completed,2026-09-28T15:28:21.332696
CHEMBL4523255,completed,2026-09-28T15:28:21.332696
CHEMBL4523360,completed,2026-09-28T15:28:21.332696
CHEMBL4523471,completed,2026-09-28T15:28:21.332696
CHEMBL4523472,completed,2026-09-28T15:28:21.332696
CHEMBL4523473,completed,2026-09-28T15:28:21.332696
CHEMBL4523474,completed,2026-09-28T15:28:21.332696
CHEMBL1872,completed,2026-09-28T15:28:26.355742
CHEMBL3373,completed,2026-09-28T15:28:26.355742
CHEMBL2883,completed,2026-09-28T15:28:26.355742
CHEMBL3421,completed,2026-09-28T15:28:26.355742
CHEMBL2216,completed,2026-09-28T15:28:26.355742
CHEMBL3478,completed,2026-09-28T15:28:26.355742
CHEMBL3741,completed,2026-09-28T15:28:26.355742
CHEMBL3977,completed,2026-09-28T15:28:26.355742
CHEMBL290,completed,2026-09-28T15:28:26.355742
CHEMBL2812,completed,2026-09-28T15:28:26.355742
CHEMBL4051,completed,2026-09-28T15:28:26.356742
CHEMBL4331,completed,2026-09-28T15:28:26.356742
CHEMBL3415,completed,2026-09-28T15:28:26.356742
CHEMBL2717,completed,2026-09-28T15:28:26.356742
CHEMBL4567,completed,2026-09-28T15:28:26.356742
CHEMBL4338,completed,2026-09-28T15:28:26.356742
CHEMBL3148,completed,2026-09-28T15:28:26.356742
CHEMBL2283,completed,2026-09-28T15:28:26.356742
CHEMBL2420,completed,2026-09-28T15:28:26.356742
CHEMBL3535,completed,2026-09-28T15:28:26.356742
CHEMBL3437,completed,2026-09-28T15:28:26.356742
CHEMBL4640,completed,2026-09-28T15:28:26.356742
CHEMBL4409,completed,2026-09-28T15:28:26.356742
CHEMBL4586,completed,2026-09-28T15:28:26.356742
CHEMBL5523,completed,2026-09-28T15:28:26.356742
CHEMBL5347,completed,2026-09-28T15:28:26.356742
CHEMBL5582,completed,2026-09-28T15:28:26.356742
CHEMBL1075062,completed,2026-09-28T15:28:26.356742
CHEMBL1169594,completed,2026-09-28T15:28:26.356742
CHEMBL1293195,completed,2026-09-28T15:28:26.356742
CHEMBL1293196,completed,2026-09-28T15:28:26.356742
CHEMBL1293197,completed,2026-09-28T15:28:26.356742
CHEMBL1293230,completed,2026-09-28T15:28:26.356742
CHEMBL1293239,completed,2026-09-28T15:28:26.356742
CHEMBL1293286,completed,2026-09-28T15:28:26.356742
CHEMBL1293297,completed,2026-09-28T15:28:26.356742
CHEMBL1741212,completed,2026-09-28T15:28:26.356742
CHEMBL1795125,completed,2026-09-28T15:28:26.356742
CHEMBL1795127,completed,2026-09-28T15:28:26.356742
CHEMBL1944498,completed,2026-09-28T15:28:26.356742
CHEMBL2010636,completed,2026-09-28T15:28:26.356742
CHEMBL2331045,completed,2026-09-28T15:28:26.356742
CHEMBL2331046,completed,2026-09-28T15:28:26.356742
CHEMBL2401609,completed,2026-09-28T15:28:26.356742
CHEMBL3596083,completed,2026-09-28T15:28:26.356742
CHEMBL4295711,completed,2026-09-28T15:28:26.356742
CHEMBL4523210,completed,2026-09-28T15:28:26.356742
CHEMBL4523475,completed,2026-09-28T15:28:26.356742
CHEMBL5209635,completed,2026-09-28T15:28:26.356742
CHEMBL5209636,completed,2026-09-28T15:28:26.356742
CHEMBL1935,completed,2026-09-28T15:28:27.589421
CHEMBL1902,completed,2026-09-28T15:28:27.589421
CHEMBL1825,completed,2026-09-28T15:28:27.589421
CHEMBL2430,completed,2026-09-28T15:28:27.589421
CHEMBL3465,completed,2026-09-28T15:28:27.589421
CHEMBL2414,completed,2026-09-28T15:28:27.589421
CHEMBL274,completed,2026-09-28T15:28:27.589421
CHEMBL4814,completed,2026-09-28T15:28:27.589421
CHEMBL3201,completed,2026-09-28T15:28:27.589421
CHEMBL2434,completed,2026-09-28T15:28:27.589421
CHEMBL2419,completed,2026-09-28T15:28:27.589421
CHEMBL3880,completed,2026-09-28T15:28:27.589421
CHEMBL3975,completed,2026-09-28T15:28:27.589421
CHEMBL3706,completed,2026-09-28T15:28:27.589421
CHEMBL4015,completed,2026-09-28T15:28:27.589421
CHEMBL4612,completed,2026-09-28T15:28:27.589421
CHEMBL2297,completed,2026-09-28T15:28:27.589421
CHEMBL4031,completed,2026-09-28T15:28:27.589421
CHEMBL4285,completed,2026-09-28T15:28:27.589421
CHEMBL4766,completed,2026-09-28T15:28:27.589421
CHEMBL3359,completed,2026-09-28T15:28:27.589421
CHEMBL3501,completed,2026-09-28T15:28:27.589421
CHEMBL5490,completed,2026-09-28T15:28:27.589421
CHEMBL4843,completed,2026-09-28T15:28:27.589421
CHEMBL4848,completed,2026-09-28T15:28:27.589421
CHEMBL4227,completed,2026-09-28T15:28:27.589421
CHEMBL5150,completed,2026-09-28T15:28:27.589421
CHEMBL5652,completed,2026-09-28T15:28:27.589421
CHEMBL5681,completed,2026-09-28T15:28:27.589421
CHEMBL6031,completed,2026-09-28T15:28:27.589421
CHEMBL1293264,completed,2026-09-28T15:28:27.589421
CHEMBL1293269,completed,2026-09-28T15:28:27.589421
CHEMBL1628481,completed,2026-09-28T15:28:27.589421
CHEMBL1781868,completed,2026-09-28T15:28:27.589421
CHEMBL1781870,completed,2026-09-28T15:28:27.589421
CHEMBL1795086,completed,2026-09-28T15:28:27.589421
CHEMBL1795129,completed,2026-09-28T15:28:27.589421
CHEMBL2052031,completed,2026-09-28T15:28:27.589421
CHEMBL2146305,completed,2026-09-28T15:28:27.589421
CHEMBL2169725,completed,2026-09-28T15:28:27.589421
CHEMBL2311243,completed,2026-09-28T15:28:27.589421
CHEMBL2331064,completed,2026-09-28T15:28:27.589421
CHEMBL2362978,completed,2026-09-28T15:28:27.589421
CHEMBL2424504,completed,2026-09-28T15:28:27.589421
CHEMBL4105989,completed,2026-09-28T15:28:27.589421
CHEMBL4295926,completed,2026-09-28T15:28:27.589421
CHEMBL4523247,completed,2026-09-28T15:28:27.589421
CHEMBL4523446,completed,2026-09-28T15:28:27.589421
CHEMBL4802003,completed,2026-09-28T15:28:27.589421
CHEMBL5465386,completed,2026-09-28T15:28:27.589421
CHEMBL1903,completed,2026-09-28T15:28:30.350173
CHEMBL1987,completed,2026-09-28T15:28:30.350173
CHEMBL1881,completed,2026-09-28T15:28:30.350173
CHEMBL1995,completed,2026-09-28T15:28:30.350173
CHEMBL1811,completed,2026-09-28T15:28:30.350173
CHEMBL1836,completed,2026-09-28T15:28:30.350173
CHEMBL3710,completed,2026-09-28T15:28:30.350173
CHEMBL4553,completed,2026-09-28T15:28:30.350173
CHEMBL2126,completed,2026-09-28T15:28:30.350173
CHEMBL5208,completed,2026-09-28T15:28:30.350173
CHEMBL2535,completed,2026-09-28T15:28:30.350173
CHEMBL3715,completed,2026-09-28T15:28:30.350173
CHEMBL3365,completed,2026-09-28T15:28:30.350173
CHEMBL4050,completed,2026-09-28T15:28:30.350173
CHEMBL3050,completed,2026-09-28T15:28:30.350173
CHEMBL4980,completed,2026-09-28T15:28:30.350173
CHEMBL2307,completed,2026-09-28T15:28:30.350173
CHEMBL4889,completed,2026-09-28T15:28:30.350173
CHEMBL2619,completed,2026-09-28T15:28:30.350173
CHEMBL3508,completed,2026-09-28T15:28:30.350173
CHEMBL4054,completed,2026-09-28T15:28:30.350173
CHEMBL2986,completed,2026-09-28T15:28:30.350173
CHEMBL3500,completed,2026-09-28T15:28:30.350173
CHEMBL4289,completed,2026-09-28T15:28:30.350173
CHEMBL5061,completed,2026-09-28T15:28:30.350173
CHEMBL4086,completed,2026-09-28T15:28:30.350173
CHEMBL401,completed,2026-09-28T15:28:30.350173
CHEMBL5032,completed,2026-09-28T15:28:30.350173
CHEMBL4909,completed,2026-09-28T15:28:30.350173
CHEMBL4697,completed,2026-09-28T15:28:30.350173
CHEMBL5313,completed,2026-09-28T15:28:30.350173
CHEMBL5269,completed,2026-09-28T15:28:30.350173
CHEMBL5401,completed,2026-09-28T15:28:30.350173
CHEMBL5653,completed,2026-09-28T15:28:30.350173
CHEMBL5696,completed,2026-09-28T15:28:30.350173
CHEMBL1255165,completed,2026-09-28T15:28:30.350173
CHEMBL1293309,completed,2026-09-28T15:28:30.350173
CHEMBL1681610,completed,2026-09-28T15:28:30.350173
CHEMBL1741171,completed,2026-09-28T15:28:30.350173
CHEMBL1741192,completed,2026-09-28T15:28:30.350173
CHEMBL1741208,completed,2026-09-28T15:28:30.350173
CHEMBL1955711,completed,2026-09-28T15:28:30.350173
CHEMBL2046258,completed,2026-09-28T15:28:30.350173
CHEMBL2311236,completed,2026-09-28T15:28:30.350173
CHEMBL3108645,completed,2026-09-28T15:28:30.350173
CHEMBL3431938,completed,2026-09-28T15:28:30.350173
CHEMBL3879846,completed,2026-09-28T15:28:30.350173
CHEMBL4105934,completed,2026-09-28T15:28:30.350173
CHEMBL4295736,completed,2026-09-28T15:28:30.350173
CHEMBL4523872,completed,2026-09-28T15:28:30.350173
CHEMBL1852,completed,2026-09-28T15:28:31.574054
CHEMBL1808,completed,2026-09-28T15:28:31.574054
CHEMBL1919,completed,2026-09-28T15:28:31.574054
CHEMBL1878,completed,2026-09-28T15:28:31.574054
CHEMBL2006,completed,2026-09-28T15:28:31.574054
CHEMBL4716,completed,2026-09-28T15:28:31.574054
CHEMBL4137,completed,2026-09-28T15:28:31.574054
CHEMBL4615,completed,2026-09-28T15:28:31.574054
CHEMBL263,completed,2026-09-28T15:28:31.574054
CHEMBL4605,completed,2026-09-28T15:28:31.574054
CHEMBL4961,completed,2026-09-28T15:28:31.574054
CHEMBL2458,completed,2026-09-28T15:28:31.574054
CHEMBL1945,completed,2026-09-28T15:28:31.574054
CHEMBL1946,completed,2026-09-28T15:28:31.574054
CHEMBL4929,completed,2026-09-28T15:28:31.574054
CHEMBL3422,completed,2026-09-28T15:28:31.574054
CHEMBL3061,completed,2026-09-28T15:28:31.574054
CHEMBL4801,completed,2026-09-28T15:28:31.574054
CHEMBL3308,completed,2026-09-28T15:28:31.574054
CHEMBL3468,completed,2026-09-28T15:28:31.574054
CHEMBL3420,completed,2026-09-28T15:28:31.574054
CHEMBL3681,completed,2026-09-28T15:28:31.574054
CHEMBL3333,completed,2026-09-28T15:28:31.574054
CHEMBL3335,completed,2026-09-28T15:28:31.574054
CHEMBL3797,completed,2026-09-28T15:28:31.574054
CHEMBL4676,completed,2026-09-28T15:28:31.574054
CHEMBL3985,completed,2026-09-28T15:28:31.574054
CHEMBL5498,completed,2026-09-28T15:28:31.574054
CHEMBL1075061,completed,2026-09-28T15:28:31.574054
CHEMBL1287600,completed,2026-09-28T15:28:31.574054
CHEMBL1287601,completed,2026-09-28T15:28:31.574054
CHEMBL1293244,completed,2026-09-28T15:28:31.574054
CHEMBL1741163,completed,2026-09-28T15:28:31.574054
CHEMBL1741202,completed,2026-09-28T15:28:31.574054
CHEMBL1743123,completed,2026-09-28T15:28:31.574054
CHEMBL1743291,completed,2026-09-28T15:28:31.574054
CHEMBL1909490,completed,2026-09-28T15:28:31.574054
CHEMBL2007626,completed,2026-09-28T15:28:31.574054
CHEMBL2073687,completed,2026-09-28T15:28:31.574054
CHEMBL2079847,completed,2026-09-28T15:28:31.574054
CHEMBL2079850,completed,2026-09-28T15:28:31.574054
CHEMBL2366442,completed,2026-09-28T15:28:31.574054
CHEMBL3227914,completed,2026-09-28T15:28:31.574054
CHEMBL3763007,completed,2026-09-28T15:28:31.574054
CHEMBL3763008,completed,2026-09-28T15:28:31.574054
CHEMBL4296294,completed,2026-09-28T15:28:31.574054
CHEMBL4523454,completed,2026-09-28T15:28:31.574054
CHEMBL4630814,completed,2026-09-28T15:28:31.574054
CHEMBL4739707,completed,2026-09-28T15:28:31.574054
CHEMBL6067463,completed,2026-09-28T15:28:31.574054
CHEMBL1859,completed,2026-09-28T15:28:36.293180
CHEMBL1849,completed,2026-09-28T15:28:36.293180
CHEMBL250,completed,2026-09-28T15:28:36.293180
CHEMBL4466,completed,2026-09-28T15:28:36.293180
CHEMBL2366,completed,2026-09-28T15:28:36.293180
CHEMBL2597,completed,2026-09-28T15:28:36.293180
CHEMBL4719,completed,2026-09-28T15:28:36.293180
CHEMBL3813,completed,2026-09-28T15:28:36.293180
CHEMBL3174,completed,2026-09-28T15:28:36.293180
CHEMBL3411,completed,2026-09-28T15:28:36.293180
CHEMBL2579,completed,2026-09-28T15:28:36.293180
CHEMBL3864,completed,2026-09-28T15:28:36.293180
CHEMBL3676,completed,2026-09-28T15:28:36.293180
CHEMBL4641,completed,2026-09-28T15:28:36.293180
CHEMBL4381,completed,2026-09-28T15:28:36.293180
CHEMBL4165,completed,2026-09-28T15:28:36.293180
CHEMBL5495,completed,2026-09-28T15:28:36.293180
CHEMBL5508,completed,2026-09-28T15:28:36.293180
CHEMBL5270,completed,2026-09-28T15:28:36.293180
CHEMBL5757,completed,2026-09-28T15:28:36.293180
CHEMBL1075220,completed,2026-09-28T15:28:36.293180
CHEMBL1163111,completed,2026-09-28T15:28:36.293180
CHEMBL1169600,completed,2026-09-28T15:28:36.293180
CHEMBL1250413,completed,2026-09-28T15:28:36.293180
CHEMBL1287623,completed,2026-09-28T15:28:36.293180
CHEMBL1287624,completed,2026-09-28T15:28:36.293180
CHEMBL1287625,completed,2026-09-28T15:28:36.293180
CHEMBL1287627,completed,2026-09-28T15:28:36.293180
CHEMBL1293246,completed,2026-09-28T15:28:36.293180
CHEMBL1293266,completed,2026-09-28T15:28:36.293180
CHEMBL1741176,completed,2026-09-28T15:28:36.293180
CHEMBL1741185,completed,2026-09-28T15:28:36.293180
CHEMBL1795083,completed,2026-09-28T15:28:36.293180
CHEMBL1795182,completed,2026-09-28T15:28:36.293180
CHEMBL2146304,completed,2026-09-28T15:28:36.293180
CHEMBL2146306,completed,2026-09-28T15:28:36.293180
CHEMBL2146312,completed,2026-09-28T15:28:36.293180
CHEMBL2157850,completed,2026-09-28T15:28:36.293180
CHEMBL2163182,completed,2026-09-28T15:28:36.293180
CHEMBL2295561,completed,2026-09-28T15:28:36.293180
CHEMBL3509584,completed,2026-09-28T15:28:36.293180
CHEMBL3562170,completed,2026-09-28T15:28:36.293180
CHEMBL3593154,completed,2026-09-28T15:28:36.293180
CHEMBL3804751,completed,2026-09-28T15:28:36.294180
CHEMBL4295707,completed,2026-09-28T15:28:36.294180
CHEMBL4523198,completed,2026-09-28T15:28:36.294180
CHEMBL4523218,completed,2026-09-28T15:28:36.294180
CHEMBL4523954,completed,2026-09-28T15:28:36.294180
CHEMBL5465545,completed,2026-09-28T15:28:36.294180
CHEMBL6066829,completed,2026-09-28T15:28:36.294180
CHEMBL1781,completed,2026-09-28T15:28:37.272878
CHEMBL1973,completed,2026-09-28T15:28:37.272878
CHEMBL2024,completed,2026-09-28T15:28:37.272878
CHEMBL2049,completed,2026-09-28T15:28:37.272878
CHEMBL1993,completed,2026-09-28T15:28:37.272878
CHEMBL4977,completed,2026-09-28T15:28:37.272878
CHEMBL4114,completed,2026-09-28T15:28:37.272878
CHEMBL3775,completed,2026-09-28T15:28:37.272878
CHEMBL3473,completed,2026-09-28T15:28:37.272878
CHEMBL5377,completed,2026-09-28T15:28:37.272878
CHEMBL3575,completed,2026-09-28T15:28:37.272878
CHEMBL2331,completed,2026-09-28T15:28:37.272878
CHEMBL2350,completed,2026-09-28T15:28:37.272878
CHEMBL4792,completed,2026-09-28T15:28:37.272878
CHEMBL4310,completed,2026-09-28T15:28:37.272878
CHEMBL4459,completed,2026-09-28T15:28:37.272878
CHEMBL4596,completed,2026-09-28T15:28:37.272878
CHEMBL4461,completed,2026-09-28T15:28:37.272878
CHEMBL4462,completed,2026-09-28T15:28:37.272878
CHEMBL3325,completed,2026-09-28T15:28:37.272878
CHEMBL5539,completed,2026-09-28T15:28:37.272878
CHEMBL5540,completed,2026-09-28T15:28:37.272878
CHEMBL5570,completed,2026-09-28T15:28:37.272878
CHEMBL5225,completed,2026-09-28T15:28:37.272878
CHEMBL5303,completed,2026-09-28T15:28:37.272878
CHEMBL5437,completed,2026-09-28T15:28:37.272878
CHEMBL5012,completed,2026-09-28T15:28:37.272878
CHEMBL5693,completed,2026-09-28T15:28:37.272878
CHEMBL5857,completed,2026-09-28T15:28:37.272878
CHEMBL5895,completed,2026-09-28T15:28:37.272878
CHEMBL5764,completed,2026-09-28T15:28:37.272878
CHEMBL5772,completed,2026-09-28T15:28:37.272878
CHEMBL5902,completed,2026-09-28T15:28:37.272878
CHEMBL6095,completed,2026-09-28T15:28:37.272878
CHEMBL6116,completed,2026-09-28T15:28:37.272878
CHEMBL1075238,completed,2026-09-28T15:28:37.272878
CHEMBL1681611,completed,2026-09-28T15:28:37.272878
CHEMBL1743125,completed,2026-09-28T15:28:37.272878
CHEMBL1795191,completed,2026-09-28T15:28:37.272878
CHEMBL2073717,completed,2026-09-28T15:28:37.272878
CHEMBL2189139,completed,2026-09-28T15:28:37.272878
CHEMBL3085622,completed,2026-09-28T15:28:37.272878
CHEMBL3108640,completed,2026-09-28T15:28:37.272878
CHEMBL3309036,completed,2026-09-28T15:28:37.272878
CHEMBL3562161,completed,2026-09-28T15:28:37.273877
CHEMBL3721301,completed,2026-09-28T15:28:37.273877
CHEMBL3721302,completed,2026-09-28T15:28:37.273877
CHEMBL3832957,completed,2026-09-28T15:28:37.273877
CHEMBL4105782,completed,2026-09-28T15:28:37.273877
CHEMBL5725151,completed,2026-09-28T15:28:37.273877
CHEMBL1857,completed,2026-09-28T15:28:39.193282
CHEMBL1893,completed,2026-09-28T15:28:39.193282
CHEMBL1838,completed,2026-09-28T15:28:39.193282
CHEMBL3994,completed,2026-09-28T15:28:39.193282
CHEMBL2098,completed,2026-09-28T15:28:39.193282
CHEMBL3372,completed,2026-09-28T15:28:39.193282
CHEMBL3028,completed,2026-09-28T15:28:39.193282
CHEMBL4271,completed,2026-09-28T15:28:39.193282
CHEMBL291,completed,2026-09-28T15:28:39.193282
CHEMBL3013,completed,2026-09-28T15:28:39.193282
CHEMBL3649,completed,2026-09-28T15:28:39.193282
CHEMBL317,completed,2026-09-28T15:28:39.193282
CHEMBL2309,completed,2026-09-28T15:28:39.193282
CHEMBL4497,completed,2026-09-28T15:28:39.193282
CHEMBL332,completed,2026-09-28T15:28:39.193282
CHEMBL5276,completed,2026-09-28T15:28:39.193282
CHEMBL3345,completed,2026-09-28T15:28:39.193282
CHEMBL5206,completed,2026-09-28T15:28:39.193282
CHEMBL5019,completed,2026-09-28T15:28:39.193282
CHEMBL3833,completed,2026-09-28T15:28:39.193282
CHEMBL4908,completed,2026-09-28T15:28:39.193282
CHEMBL4150,completed,2026-09-28T15:28:39.193282
CHEMBL4680,completed,2026-09-28T15:28:39.193282
CHEMBL5398,completed,2026-09-28T15:28:39.193282
CHEMBL5586,completed,2026-09-28T15:28:39.193282
CHEMBL5697,completed,2026-09-28T15:28:39.193282
CHEMBL5705,completed,2026-09-28T15:28:39.193282
CHEMBL5909,completed,2026-09-28T15:28:39.193282
CHEMBL5633,completed,2026-09-28T15:28:39.193282
CHEMBL1075044,completed,2026-09-28T15:28:39.193282
CHEMBL1075060,completed,2026-09-28T15:28:39.193282
CHEMBL6194,completed,2026-09-28T15:28:39.193282
CHEMBL1075246,completed,2026-09-28T15:28:39.193282
CHEMBL1075024,completed,2026-09-28T15:28:39.193282
CHEMBL1250368,completed,2026-09-28T15:28:39.193282
CHEMBL1741164,completed,2026-09-28T15:28:39.193282
CHEMBL1741219,completed,2026-09-28T15:28:39.193282
CHEMBL1795135,completed,2026-09-28T15:28:39.193282
CHEMBL1926495,completed,2026-09-28T15:28:39.193282
CHEMBL2073715,completed,2026-09-28T15:28:39.193282
CHEMBL2073722,completed,2026-09-28T15:28:39.193282
CHEMBL2150835,completed,2026-09-28T15:28:39.193282
CHEMBL2176846,completed,2026-09-28T15:28:39.193282
CHEMBL2366519,completed,2026-09-28T15:28:39.193282
CHEMBL3108632,completed,2026-09-28T15:28:39.193282
CHEMBL3621037,completed,2026-09-28T15:28:39.193282
CHEMBL3774295,completed,2026-09-28T15:28:39.193282
CHEMBL4105974,completed,2026-09-28T15:28:39.193282
CHEMBL4523368,completed,2026-09-28T15:28:39.193282
CHEMBL5169149,completed,2026-09-28T15:28:39.193282
CHEMBL1966,completed,2026-09-28T15:28:40.208508
CHEMBL3167,completed,2026-09-28T15:28:40.208508
CHEMBL4820,completed,2026-09-28T15:28:40.208508
CHEMBL3974,completed,2026-09-28T15:28:40.208508
CHEMBL3230,completed,2026-09-28T15:28:40.208508
CHEMBL3892,completed,2026-09-28T15:28:40.209508
CHEMBL2955,completed,2026-09-28T15:28:40.209508
CHEMBL2991,completed,2026-09-28T15:28:40.209508
CHEMBL4333,completed,2026-09-28T15:28:40.209508
CHEMBL2274,completed,2026-09-28T15:28:40.209508
CHEMBL2383,completed,2026-09-28T15:28:40.209508
CHEMBL4427,completed,2026-09-28T15:28:40.209508
CHEMBL2280,completed,2026-09-28T15:28:40.209508
CHEMBL3585,completed,2026-09-28T15:28:40.209508
CHEMBL3798,completed,2026-09-28T15:28:40.209508
CHEMBL4625,completed,2026-09-28T15:28:40.209508
CHEMBL4860,completed,2026-09-28T15:28:40.209508
CHEMBL4907,completed,2026-09-28T15:28:40.209508
CHEMBL3486,completed,2026-09-28T15:28:40.209508
CHEMBL4914,completed,2026-09-28T15:28:40.209508
CHEMBL5000,completed,2026-09-28T15:28:40.209508
CHEMBL1075071,completed,2026-09-28T15:28:40.209508
CHEMBL5957,completed,2026-09-28T15:28:40.209508
CHEMBL1075214,completed,2026-09-28T15:28:40.209508
CHEMBL2062356,completed,2026-09-28T15:28:40.209508
CHEMBL2073680,completed,2026-09-28T15:28:40.209508
CHEMBL2073685,completed,2026-09-28T15:28:40.209508
CHEMBL2073691,completed,2026-09-28T15:28:40.209508
CHEMBL2073698,completed,2026-09-28T15:28:40.209508
CHEMBL2073699,completed,2026-09-28T15:28:40.209508
CHEMBL2073703,completed,2026-09-28T15:28:40.209508
CHEMBL3085621,completed,2026-09-28T15:28:40.209508
CHEMBL3259476,completed,2026-09-28T15:28:40.209508
CHEMBL3334416,completed,2026-09-28T15:28:40.209508
CHEMBL3580522,completed,2026-09-28T15:28:40.209508
CHEMBL3886125,completed,2026-09-28T15:28:40.209508
CHEMBL4295738,completed,2026-09-28T15:28:40.209508
CHEMBL4295828,completed,2026-09-28T15:28:40.209508
CHEMBL4523301,completed,2026-09-28T15:28:40.209508
CHEMBL4523435,completed,2026-09-28T15:28:40.209508
CHEMBL4523950,completed,2026-09-28T15:28:40.209508
CHEMBL4680024,completed,2026-09-28T15:28:40.209508
