selected_disease,mondo_id,mondo_name,match_type
epilepsy,MONDO:0005027,epilepsy,exact_label
anxiety disorder,MONDO:0005618,anxiety disorder,exact_label
stroke disorder,MONDO:0005098,stroke disorder,exact_label
Parkinson disease,MONDO:0005180,Parkinson disease,exact_label
Alzheimer disease,MONDO:0004975,Alzheimer disease,exact_label
migraine disorder,MONDO:0005277,migraine disorder,exact_label
bipolar disorder,MONDO:0004985,bipolar disorder,exact_label
schizophrenia,MONDO:0005090,schizophrenia,exact_label
dementia,MONDO:0001627,dementia,exact_label
major depressive disorder,MONDO:0002009,major depressive disorder,exact_label
attention deficit-hyperactivity disorder,MONDO:0007743,attention deficit-hyperactivity disorder,exact_label
multiple sclerosis,MONDO:0005301,multiple sclerosis,exact_label
