drugbank_id,mondo_id,relation,mechanism_overlap,remedy_shared_protein_count,drugmechdb_protein_count,exact_shared_mechanism_protein_count,observed_remedy_pair
DB08842,MONDO:0004975,indication,0,1,0,0,1
DB00843,MONDO:0004975,indication,1,10,1,1,1
DB00989,MONDO:0004975,indication,1,3,1,1,1
DB00674,MONDO:0004975,indication,1,7,1,1,1
DB00382,MONDO:0004975,indication,1,8,1,1,1
DB01235,MONDO:0005180,indication,0,6,1,0,1
DB00810,MONDO:0005180,indication,0,6,1,0,1
DB00190,MONDO:0005180,indication,1,1,1,1,1
DB00245,MONDO:0005180,indication,1,1,2,1,1
DB00942,MONDO:0005180,indication,0,0,1,0,1
DB05271,MONDO:0005180,indication,1,5,5,2,1
DB00323,MONDO:0005180,indication,0,4,1,0,1
DB00376,MONDO:0005180,indication,0,5,1,0,1
DB06262,MONDO:0005180,indication,0,4,3,0,1
DB05316,MONDO:0005180,indication,0,5,1,0,1
DB00413,MONDO:0005180,indication,1,4,3,1,1
DB06654,MONDO:0005180,indication,1,4,1,1,1
DB11757,MONDO:0005180,indication,1,7,2,1,1
DB01200,MONDO:0005180,indication,1,8,2,1,1
DB00714,MONDO:0005180,indication,1,8,3,1,1
DB00268,MONDO:0005180,indication,1,5,2,1,1
DB00915,MONDO:0005180,indication,1,6,1,1,1
DB00387,MONDO:0005180,indication,0,4,3,0,1
DB01367,MONDO:0005180,indication,1,6,2,1,1
DB00494,MONDO:0005180,indication,0,1,1,0,1
DB01037,MONDO:0005180,indication,1,10,2,2,1
DB01037,MONDO:0005180,indication,1,10,2,2,1
DB06594,MONDO:0005618,indication,0,36,0,0,1
DB06700,MONDO:0005618,indication,0,16,0,0,1
DB00476,MONDO:0005618,indication,0,37,0,0,1
DB01247,MONDO:0005618,indication,0,30,0,0,1
DB00234,MONDO:0005618,indication,0,3,0,0,1
DB09167,MONDO:0005618,indication,0,31,0,0,1
DB01175,MONDO:0005618,indication,0,33,0,0,1
DB01142,MONDO:0005618,indication,0,43,0,0,1
DB09068,MONDO:0005618,indication,0,12,0,0,1
DB09128,MONDO:0005618,indication,0,23,0,0,1
DB09014,MONDO:0005618,indication,1,2,3,1,1
DB12184,MONDO:0005618,indication,0,3,0,0,1
DB00752,MONDO:0005618,indication,0,20,0,0,1
DB00472,MONDO:0005618,indication,0,46,0,0,1
DB00472,MONDO:0005618,indication,0,46,0,0,1
DB06684,MONDO:0005618,indication,0,11,0,0,1
DB00715,MONDO:0005618,indication,0,47,0,0,1
DB00215,MONDO:0005618,indication,0,4,0,0,1
DB00656,MONDO:0005618,indication,0,37,0,0,1
DB01149,MONDO:0005618,indication,0,36,0,0,1
DB00285,MONDO:0005618,indication,0,32,0,0,1
DB06148,MONDO:0005618,indication,0,42,0,0,1
DB00370,MONDO:0005618,indication,0,26,0,0,1
DB00344,MONDO:0005618,indication,0,30,0,0,1
DB00334,MONDO:0005618,indication,0,45,0,0,1
DB00334,MONDO:0005618,indication,0,45,0,0,1
DB01156,MONDO:0005618,indication,0,39,0,0,1
DB01037,MONDO:0005618,indication,0,33,0,0,1
DB01037,MONDO:0005618,indication,0,33,0,0,1
DB08918,MONDO:0005618,indication,0,6,0,0,1
DB00829,MONDO:0005618,off-label use,0,43,0,0,1
DB00564,MONDO:0004985,indication,0,5,0,0,1
DB08815,MONDO:0004985,indication,1,20,2,2,1
DB01142,MONDO:0004985,indication,1,27,2,2,1
DB00472,MONDO:0004985,indication,1,29,1,1,1
DB00472,MONDO:0004985,indication,1,29,1,1,1
DB00334,MONDO:0004985,indication,1,33,2,2,1
DB00334,MONDO:0004985,indication,1,33,2,2,1
DB01224,MONDO:0004985,indication,1,28,1,1,1
DB00408,MONDO:0004985,indication,1,28,2,2,1
DB00313,MONDO:0004985,off-label use,0,31,4,0,1
DB00313,MONDO:0004985,off-label use,0,31,4,0,1
DB00313,MONDO:0004985,off-label use,0,31,4,0,1
DB01175,MONDO:0004985,off-label use,0,20,0,0,1
DB00252,MONDO:0004985,off-label use,0,14,0,0,1
DB01174,MONDO:0004985,off-label use,0,8,0,0,1
DB01174,MONDO:0004985,off-label use,0,8,0,0,1
DB00715,MONDO:0004985,off-label use,0,31,0,0,1
DB00215,MONDO:0004985,off-label use,0,1,0,0,1
DB01149,MONDO:0004985,off-label use,0,24,0,0,1
DB00555,MONDO:0004985,off-label use,0,37,0,0,1
DB00794,MONDO:0004985,off-label use,0,31,0,0,1
DB01156,MONDO:0004985,off-label use,0,27,0,0,1
DB01049,MONDO:0001627,indication,0,0,0,0,1
DB12131,MONDO:0001627,indication,0,0,1,0,1
DB00564,MONDO:0005027,indication,0,8,0,0,1
DB00313,MONDO:0005027,indication,0,23,2,0,1
DB00313,MONDO:0005027,indication,0,23,2,0,1
DB00313,MONDO:0005027,indication,0,23,2,0,1
DB00949,MONDO:0005027,indication,1,17,2,2,1
DB00617,MONDO:0005027,indication,0,0,3,0,1
DB00829,MONDO:0005027,indication,0,22,0,0,1
DB01320,MONDO:0005027,indication,0,1,0,0,1
DB00252,MONDO:0005027,indication,0,11,0,0,1
DB01351,MONDO:0005027,indication,1,17,5,1,1
DB01174,MONDO:0005027,indication,0,6,6,0,1
DB01174,MONDO:0005027,indication,0,6,6,0,1
DB00599,MONDO:0005027,indication,1,4,6,1,1
DB00418,MONDO:0005027,indication,1,5,6,1,1
DB00312,MONDO:0005027,indication,0,22,0,0,1
DB00463,MONDO:0005027,indication,1,20,6,1,1
DB00849,MONDO:0005027,indication,0,3,0,0,1
DB00347,MONDO:0005027,indication,0,15,3,0,1
DB05246,MONDO:0005027,indication,0,15,1,0,1
DB00555,MONDO:0005027,indication,0,27,1,0,1
DB00832,MONDO:0005027,indication,0,15,1,0,1
DB00794,MONDO:0005027,indication,0,22,0,0,1
DB00532,MONDO:0005027,indication,0,15,0,0,1
DB01121,MONDO:0005027,indication,1,16,1,1,1
DB06594,MONDO:0002009,indication,1,21,3,1,1
DB06700,MONDO:0002009,indication,1,7,3,2,1
DB00476,MONDO:0002009,indication,1,23,2,2,1
DB01247,MONDO:0002009,indication,1,18,2,2,1
DB00234,MONDO:0002009,indication,1,3,1,1,1
DB09167,MONDO:0002009,indication,1,19,2,2,1
DB01175,MONDO:0002009,indication,1,22,1,1,1
DB09068,MONDO:0002009,indication,1,10,5,5,1
DB09128,MONDO:0002009,indication,1,14,3,3,1
DB12184,MONDO:0002009,indication,1,3,1,1,1
DB00752,MONDO:0002009,indication,1,12,2,2,1
DB00472,MONDO:0002009,indication,1,30,1,1,1
DB00472,MONDO:0002009,indication,1,30,1,1,1
DB06684,MONDO:0002009,indication,1,9,2,2,1
DB00715,MONDO:0002009,indication,1,31,1,1,1
DB00215,MONDO:0002009,indication,1,4,1,1,1
DB00656,MONDO:0002009,indication,1,23,1,1,1
DB01149,MONDO:0002009,indication,1,23,4,4,1
DB00285,MONDO:0002009,indication,1,20,3,2,1
DB06148,MONDO:0002009,indication,1,25,6,3,1
DB00370,MONDO:0002009,indication,1,18,4,2,1
DB00334,MONDO:0002009,indication,1,28,2,2,1
DB00334,MONDO:0002009,indication,1,28,2,2,1
DB01156,MONDO:0002009,indication,1,25,2,1,1
DB01037,MONDO:0002009,indication,1,22,2,2,1
DB01037,MONDO:0002009,indication,1,22,2,2,1
DB08918,MONDO:0002009,indication,1,5,2,2,1
DB00316,MONDO:0005277,indication,0,2,3,0,1
DB00201,MONDO:0005277,indication,0,0,2,0,1
DB00315,MONDO:0005277,indication,0,2,3,0,1
DB00533,MONDO:0005277,indication,0,2,1,0,1
DB00952,MONDO:0005277,indication,0,0,3,0,1
DB00998,MONDO:0005277,indication,0,0,2,0,1
DB00669,MONDO:0005277,indication,0,2,2,0,1
DB00918,MONDO:0005277,indication,0,2,2,0,1
DB00216,MONDO:0005277,indication,0,0,4,0,1
DB00788,MONDO:0005277,indication,0,2,2,0,1
DB00589,MONDO:0005277,indication,0,2,2,0,1
DB00320,MONDO:0005277,indication,0,2,2,0,1
DB00945,MONDO:0005277,indication,0,2,2,0,1
DB01174,MONDO:0005277,indication,0,0,6,0,1
DB01174,MONDO:0005277,indication,0,0,6,0,1
DB00696,MONDO:0005277,indication,0,2,7,0,1
DB00953,MONDO:0005277,indication,0,2,3,0,1
DB00108,MONDO:0005301,indication,0,1,1,0,1
DB00860,MONDO:0005301,indication,0,1,5,0,1
DB00620,MONDO:0005301,indication,0,1,5,0,1
DB01380,MONDO:0005301,indication,0,1,5,0,1
DB06637,MONDO:0005301,indication,0,0,0,0,1
DB01234,MONDO:0005301,indication,0,1,1,0,1
DB00741,MONDO:0005301,indication,0,2,5,0,1
DB00443,MONDO:0005301,indication,0,1,5,0,1
DB00635,MONDO:0005301,indication,0,2,5,0,1
DB00959,MONDO:0005301,indication,0,1,5,0,1
DB08880,MONDO:0005301,indication,0,1,1,0,1
DB00966,MONDO:0005098,indication,0,5,2,0,1
DB00641,MONDO:0005098,indication,0,4,1,0,1
DB00175,MONDO:0005098,indication,0,0,2,0,1
DB00178,MONDO:0005098,indication,1,1,1,1,1
DB01076,MONDO:0005098,indication,0,4,1,0,1
DB00381,MONDO:0005098,indication,0,4,2,0,1
DB01098,MONDO:0005098,indication,0,4,2,0,1
DB09030,MONDO:0005098,indication,0,2,1,0,1
