protein_entrez_id,protein_gene_symbol
406892,MIR100
406938,MIR146A
407022,MIR296
100500871,MIR3622B
494324,MIR375
100616367,MIR4467
574508,MIR505
100126333,MIR708
768218,MIR766
100170222,SNAR-I
6315,ATXN8OS
406957,MIR181C
100359403,PARK16
4576,TRNT
282706,DAOA-AS1
27184,DISC2
2973,GTS
100302259,MIR1202
407034,MIR30E
407040,MIR34A
4397,MS
100303453,TSNAX-DISC1
9030,ERDA1
10255,HCG9
400359,LINC02694
406928,MIR137
406989,MIR206
406994,MIR212
100616452,MIR2682
728448,PPIEL
100188856,DEL22Q11.2
449489,DFNB47
100302690,DLG2-AS1
619465,ERVK-8
100616496,ERVW-4
26223,FBXL21P
2414,FRA7G
3137,HLA-J
10151,HNRNPA3P1
100131814,LINC00271
406901,MIR107
400765,MIR137HG
406952,MIR17
406961,MIR185
407003,MIR219A2
442900,MIR326
442901,MIR328
442911,MIR346
494331,MIR382
574451,MIR432
574456,MIR497
266553,OFCC1
54719,RNANC
692200,SNORD103C
54659,UGT1A3
86123,YWHAZP5
