drugbank_id,drug_name,chembl_id,chembl_pref_name,status,result_count
DB00001,Lepirudin,CHEMBL1201666,LEPIRUDIN,mapped,1
DB00007,Leuprolide,CHEMBL1201199,LEUPROLIDE,mapped_exact_name,4
DB00009,Alteplase,CHEMBL1201593,ALTEPLASE,mapped,1
DB00091,Cyclosporine,CHEMBL160,CYCLOSPORINE,mapped_exact_name,20
DB00108,Natalizumab,CHEMBL1201607,NATALIZUMAB,mapped,1
DB00126,Ascorbic acid,CHEMBL196,ASCORBIC ACID,mapped_exact_name,20
DB00133,Serine,CHEMBL11298,SERINE,mapped_exact_name,20
DB00140,Riboflavin,CHEMBL1534,RIBOFLAVIN,mapped_exact_name,15
DB00150,Tryptophan,CHEMBL54976,TRYPTOPHAN,mapped_exact_name,20
DB00158,Folic acid,CHEMBL1622,FOLIC ACID,mapped_exact_name,20
DB00159,Icosapent,CHEMBL460026,ICOSAPENT,mapped_exact_name,4
DB00165,Pyridoxine,CHEMBL1364,PYRIDOXINE,mapped_exact_name,2
DB00175,Pravastatin,CHEMBL1144,PRAVASTATIN,mapped_exact_name,3
DB00176,Fluvoxamine,CHEMBL814,FLUVOXAMINE,mapped_exact_name,2
DB00178,Ramipril,CHEMBL1168,RAMIPRIL,mapped_exact_name,2
DB00181,Baclofen,CHEMBL701,BACLOFEN,mapped_exact_name,8
DB00182,Amphetamine,CHEMBL405,AMPHETAMINE,mapped_exact_name,20
DB00186,Lorazepam,CHEMBL580,LORAZEPAM,mapped_exact_name,5
DB00190,Carbidopa,CHEMBL1200748,CARBIDOPA,mapped_exact_name,5
DB00193,Tramadol,CHEMBL1237044,TRAMADOL,mapped_exact_name,11
DB00195,Betaxolol,CHEMBL423,BETAXOLOL,mapped_exact_name,4
DB00201,Caffeine,CHEMBL113,CAFFEINE,mapped_exact_name,20
DB00203,Sildenafil,CHEMBL192,SILDENAFIL,mapped_exact_name,7
DB00205,Pyrimethamine,CHEMBL36,PYRIMETHAMINE,mapped_exact_name,5
DB00206,Reserpine,CHEMBL772,RESERPINE,mapped_exact_name,7
DB00215,Citalopram,CHEMBL549,CITALOPRAM,mapped_exact_name,11
DB00216,Eletriptan,CHEMBL1510,ELETRIPTAN,mapped_exact_name,2
DB00218,Moxifloxacin,CHEMBL32,MOXIFLOXACIN,mapped_exact_name,8
DB00220,Nelfinavir,CHEMBL584,NELFINAVIR,mapped_exact_name,3
DB00222,Glimepiride,CHEMBL1481,GLIMEPIRIDE,mapped,1
DB00227,Lovastatin,CHEMBL503,LOVASTATIN,mapped_exact_name,11
DB00228,Enflurane,CHEMBL1257,ENFLURANE,mapped,1
DB00230,Pregabalin,CHEMBL1059,PREGABALIN,mapped_exact_name,4
DB00231,Temazepam,CHEMBL967,TEMAZEPAM,mapped_exact_name,3
DB00232,Methyclothiazide,CHEMBL1577,METHYCLOTHIAZIDE,mapped,1
DB00234,Reboxetine,CHEMBL14370,REBOXETINE,mapped_exact_name,8
DB00237,Butabarbital,CHEMBL449,BUTABARBITAL,mapped_exact_name,2
DB00241,Butalbital,CHEMBL454,BUTALBITAL,mapped,1
DB00245,Benzatropine,,,ambiguous,4
DB00246,Ziprasidone,CHEMBL708,ZIPRASIDONE,mapped_exact_name,3
DB00252,Phenytoin,CHEMBL16,PHENYTOIN,mapped_exact_name,6
DB00255,Diethylstilbestrol,CHEMBL411,DIETHYLSTILBESTROL,mapped_exact_name,3
DB00260,Cycloserine,CHEMBL771,CYCLOSERINE,mapped_exact_name,4
DB00262,Carmustine,CHEMBL513,CARMUSTINE,mapped,1
DB00264,Metoprolol,CHEMBL13,METOPROLOL,mapped_exact_name,9
DB00268,Ropinirole,CHEMBL589,ROPINIROLE,mapped_exact_name,3
DB00269,Chlorotrianisene,CHEMBL1200761,CHLOROTRIANISENE,mapped,1
DB00273,Topiramate,CHEMBL220492,TOPIRAMATE,mapped_exact_name,2
DB00277,Theophylline,CHEMBL1355736,THEOPHYLLINE,mapped_exact_name,20
DB00281,Lidocaine,CHEMBL79,LIDOCAINE,mapped_exact_name,9
DB00285,Venlafaxine,CHEMBL637,VENLAFAXINE,mapped_exact_name,12
DB00289,Atomoxetine,CHEMBL641,ATOMOXETINE,mapped_exact_name,3
DB00291,Chlorambucil,CHEMBL515,CHLORAMBUCIL,mapped_exact_name,12
DB00294,Etonogestrel,CHEMBL1531,ETONOGESTREL,mapped_exact_name,2
DB00295,Morphine,CHEMBL70,MORPHINE,mapped_exact_name,20
DB00297,Bupivacaine,CHEMBL1098,BUPIVACAINE,mapped_exact_name,7
DB00300,Tenofovir disoproxil,CHEMBL1538,TENOFOVIR DISOPROXIL,mapped_exact_name,17
DB00302,Tranexamic acid,CHEMBL877,TRANEXAMIC ACID,mapped_exact_name,20
DB00303,Ertapenem,CHEMBL1359,ERTAPENEM,mapped_exact_name,20
DB00304,Desogestrel,CHEMBL1533,DESOGESTREL,mapped_exact_name,2
DB00310,Chlorthalidone,CHEMBL1055,CHLORTHALIDONE,mapped_exact_name,3
DB00312,Pentobarbital,CHEMBL448,PENTOBARBITAL,mapped_exact_name,2
DB00313,Valproic acid,CHEMBL109,VALPROIC ACID,mapped_exact_name,20
DB00315,Zolmitriptan,CHEMBL1185,ZOLMITRIPTAN,mapped_exact_name,3
DB00316,Acetaminophen,CHEMBL112,ACETAMINOPHEN,mapped_exact_name,13
DB00318,Codeine,CHEMBL485,CODEINE,mapped_exact_name,20
DB00320,Dihydroergotamine,CHEMBL1732,DIHYDROERGOTAMINE,mapped_exact_name,4
DB00321,Amitriptyline,CHEMBL629,AMITRIPTYLINE,mapped_exact_name,5
DB00323,Tolcapone,CHEMBL1324,TOLCAPONE,mapped,1
DB00327,Hydromorphone,CHEMBL398707,HYDROMORPHONE,mapped_exact_name,8
DB00328,Indomethacin,CHEMBL6,INDOMETHACIN,mapped_exact_name,20
DB00331,Metformin,CHEMBL1431,METFORMIN,mapped_exact_name,20
DB00332,Ipratropium,CHEMBL1621597,IPRATROPIUM,mapped_exact_name,8
DB00333,Methadone,CHEMBL651,METHADONE,mapped_exact_name,5
DB00334,Olanzapine,CHEMBL715,OLANZAPINE,mapped_exact_name,9
DB00335,Atenolol,CHEMBL24,ATENOLOL,mapped_exact_name,3
DB00340,Metixene,,,ambiguous,3
DB00344,Protriptyline,CHEMBL668,PROTRIPTYLINE,mapped_exact_name,2
DB00347,Trimethadione,CHEMBL695,TRIMETHADIONE,mapped,1
DB00350,Minoxidil,CHEMBL802,MINOXIDIL,mapped_exact_name,3
DB00353,Methylergometrine,,,ambiguous,3
DB00358,Mefloquine,CHEMBL416956,MEFLOQUINE,mapped_exact_name,7
DB00363,Clozapine,CHEMBL42,CLOZAPINE,mapped_exact_name,5
DB00367,Levonorgestrel,CHEMBL1389,LEVONORGESTREL,mapped_exact_name,2
DB00370,Mirtazapine,CHEMBL654,MIRTAZAPINE,mapped_exact_name,4
DB00371,Meprobamate,CHEMBL979,MEPROBAMATE,mapped_exact_name,2
DB00373,Timolol,CHEMBL499,TIMOLOL,mapped_exact_name,5
DB00376,Trihexyphenidyl,CHEMBL1490,TRIHEXYPHENIDYL,mapped_exact_name,2
DB00379,Mexiletine,CHEMBL558,MEXILETINE,mapped_exact_name,6
DB00381,Amlodipine,CHEMBL1491,AMLODIPINE,mapped_exact_name,7
DB00382,Tacrine,CHEMBL95,TACRINE,mapped_exact_name,20
DB00383,Oxyphencyclimine,CHEMBL1495,OXYPHENCYCLIMINE,mapped_exact_name,2
DB00387,Procyclidine,CHEMBL86715,PROCYCLIDINE,mapped_exact_name,6
DB00388,Phenylephrine,CHEMBL1215,PHENYLEPHRINE,mapped_exact_name,6
DB00391,Sulpiride,CHEMBL26,SULPIRIDE,mapped_exact_name,5
DB00395,Carisoprodol,CHEMBL1233,CARISOPRODOL,mapped_exact_name,4
DB00396,Progesterone,CHEMBL103,PROGESTERONE,mapped_exact_name,20
DB00397,Phenylpropanolamine,CHEMBL61006,PHENYLPROPANOLAMINE,mapped_exact_name,8
DB00398,Sorafenib,CHEMBL1336,SORAFENIB,mapped_exact_name,7
DB00402,Eszopiclone,CHEMBL1522,ESZOPICLONE,mapped_exact_name,2
DB00404,Alprazolam,CHEMBL661,ALPRAZOLAM,mapped_exact_name,2
DB00405,Dexbrompheniramine,CHEMBL1201287,DEXBROMPHENIRAMINE,mapped_exact_name,2
DB00408,Loxapine,CHEMBL831,LOXAPINE,mapped_exact_name,4
DB00412,Rosiglitazone,CHEMBL121,ROSIGLITAZONE,mapped_exact_name,3
DB00413,Pramipexole,CHEMBL301265,PRAMIPEXOLE,mapped_exact_name,8
DB00418,Secobarbital,CHEMBL447,SECOBARBITAL,mapped_exact_name,2
DB00420,Promazine,CHEMBL564,PROMAZINE,mapped_exact_name,6
DB00422,Methylphenidate,CHEMBL796,METHYLPHENIDATE,mapped_exact_name,20
DB00423,Methocarbamol,CHEMBL1201117,METHOCARBAMOL,mapped,1
DB00424,Hyoscyamine,CHEMBL1331216,HYOSCYAMINE,mapped_exact_name,11
DB00425,Zolpidem,CHEMBL911,ZOLPIDEM,mapped_exact_name,7
DB00427,Triprolidine,CHEMBL855,TRIPROLIDINE,mapped_exact_name,3
DB00431,Lindane,CHEMBL15891,LINDANE,mapped_exact_name,10
DB00433,Prochlorperazine,CHEMBL728,PROCHLORPERAZINE,mapped_exact_name,4
DB00436,Bendroflumethiazide,CHEMBL1684,BENDROFLUMETHIAZIDE,mapped,1
DB00443,Betamethasone,CHEMBL632,BETAMETHASONE,mapped_exact_name,20
DB00448,Lansoprazole,CHEMBL480,LANSOPRAZOLE,mapped_exact_name,6
DB00450,Droperidol,CHEMBL1108,DROPERIDOL,mapped,1
DB00454,Meperidine,CHEMBL607,MEPERIDINE,mapped_exact_name,20
DB00458,Imipramine,CHEMBL11,IMIPRAMINE,mapped_exact_name,20
DB00459,Acitretin,CHEMBL1131,ACITRETIN,mapped_exact_name,3
DB00463,Metharbital,CHEMBL450,METHARBITAL,mapped,1
DB00465,Ketorolac,CHEMBL469,KETOROLAC,mapped_exact_name,8
DB00470,Dronabinol,CHEMBL465,DRONABINOL,mapped,1
DB00471,Montelukast,CHEMBL787,MONTELUKAST,mapped_exact_name,6
DB00472,Fluoxetine,CHEMBL41,FLUOXETINE,mapped_exact_name,20
DB00473,Hexylcaine,CHEMBL1197,HEXYLCAINE,mapped_exact_name,3
DB00474,Methohexital,CHEMBL7413,METHOHEXITAL,mapped_exact_name,2
DB00475,Chlordiazepoxide,CHEMBL451,CHLORDIAZEPOXIDE,mapped_exact_name,4
DB00476,Duloxetine,CHEMBL1175,DULOXETINE,mapped_exact_name,5
DB00477,Chlorpromazine,CHEMBL71,CHLORPROMAZINE,mapped_exact_name,9
DB00478,Rimantadine,CHEMBL959,RIMANTADINE,mapped_exact_name,5
DB00479,Amikacin,CHEMBL177,AMIKACIN,mapped_exact_name,11
DB00481,Raloxifene,CHEMBL81,RALOXIFENE,mapped_exact_name,6
DB00482,Celecoxib,CHEMBL118,CELECOXIB,mapped_exact_name,8
DB00484,Brimonidine,CHEMBL844,BRIMONIDINE,mapped_exact_name,3
DB00486,Nabilone,CHEMBL2218896,NABILONE,mapped_exact_name,2
DB00490,Buspirone,CHEMBL49,BUSPIRONE,mapped_exact_name,20
DB00494,Entacapone,CHEMBL953,ENTACAPONE,mapped_exact_name,10
DB00497,Oxycodone,CHEMBL656,OXYCODONE,mapped_exact_name,17
DB00502,Haloperidol,CHEMBL54,HALOPERIDOL,mapped_exact_name,16
DB00505,Tridihexethyl,CHEMBL1201354,TRIDIHEXETHYL,mapped_exact_name,3
DB00508,Triflupromazine,CHEMBL570,TRIFLUPROMAZINE,mapped_exact_name,3
DB00514,Dextromethorphan,CHEMBL52440,DEXTROMETHORPHAN,mapped_exact_name,6
DB00527,Cinchocaine,,,ambiguous,2
DB00529,Foscarnet,CHEMBL666,FOSCARNET,mapped_exact_name,3
DB00530,Erlotinib,CHEMBL553,ERLOTINIB,mapped_exact_name,6
DB00532,Mephenytoin,CHEMBL861,MEPHENYTOIN,mapped_exact_name,3
DB00533,Rofecoxib,CHEMBL122,ROFECOXIB,mapped_exact_name,6
DB00537,Ciprofloxacin,CHEMBL8,CIPROFLOXACIN,mapped_exact_name,11
DB00540,Nortriptyline,CHEMBL445,NORTRIPTYLINE,mapped_exact_name,3
DB00543,Amoxapine,CHEMBL1113,AMOXAPINE,mapped,1
DB00549,Zafirlukast,CHEMBL603,ZAFIRLUKAST,mapped,1
DB00554,Piroxicam,CHEMBL527,PIROXICAM,mapped_exact_name,7
DB00555,Lamotrigine,CHEMBL741,LAMOTRIGINE,mapped_exact_name,17
DB00557,Hydroxyzine,CHEMBL896,HYDROXYZINE,mapped_exact_name,4
DB00558,Zanamivir,CHEMBL222813,ZANAMIVIR,mapped_exact_name,14
DB00561,Doxapram,CHEMBL1754,DOXAPRAM,mapped_exact_name,5
DB00562,Benzthiazide,CHEMBL1201039,BENZTHIAZIDE,mapped,1
DB00564,Carbamazepine,CHEMBL108,CARBAMAZEPINE,mapped_exact_name,4
DB00570,Vinblastine,CHEMBL159,VINBLASTINE,mapped_exact_name,17
DB00571,Propranolol,CHEMBL27,PROPRANOLOL,mapped_exact_name,20
DB00573,Fenoprofen,CHEMBL1297,FENOPROFEN,mapped_exact_name,10
DB00575,Clonidine,CHEMBL134,CLONIDINE,mapped_exact_name,5
DB00583,Levocarnitine,CHEMBL1149,LEVOCARNITINE,mapped_exact_name,5
DB00586,Diclofenac,CHEMBL139,DICLOFENAC,mapped_exact_name,20
DB00588,Fluticasone propionate,CHEMBL1473,FLUTICASONE PROPIONATE,mapped_exact_name,20
DB00589,Lisuride,CHEMBL157138,LISURIDE,mapped_exact_name,3
DB00592,Piperazine,CHEMBL1412,PIPERAZINE,mapped_exact_name,20
DB00593,Ethosuximide,CHEMBL696,ETHOSUXIMIDE,mapped,1
DB00598,Labetalol,CHEMBL429,LABETALOL,mapped_exact_name,4
DB00599,Thiopental,CHEMBL441,THIOPENTAL,mapped_exact_name,2
DB00601,Linezolid,CHEMBL126,LINEZOLID,mapped_exact_name,2
DB00603,Medroxyprogesterone acetate,CHEMBL717,MEDROXYPROGESTERONE ACETATE,mapped_exact_name,20
DB00604,Cisapride,CHEMBL1729,CISAPRIDE,mapped_exact_name,7
DB00608,Chloroquine,CHEMBL76,CHLOROQUINE,mapped_exact_name,20
DB00611,Butorphanol,CHEMBL33986,BUTORPHANOL,mapped_exact_name,3
DB00612,Bisoprolol,CHEMBL645,BISOPROLOL,mapped_exact_name,2
DB00617,Paramethadione,CHEMBL1100,PARAMETHADIONE,mapped,1
DB00620,Triamcinolone,CHEMBL1451,TRIAMCINOLONE,mapped_exact_name,17
DB00623,Fluphenazine,CHEMBL726,FLUPHENAZINE,mapped_exact_name,6
DB00624,Testosterone,CHEMBL386630,TESTOSTERONE,mapped_exact_name,20
DB00625,Efavirenz,CHEMBL223228,EFAVIRENZ,mapped_exact_name,5
DB00626,Bacitracin,CHEMBL1200558,BACITRACIN,mapped_exact_name,11
DB00635,Prednisone,CHEMBL635,PREDNISONE,mapped_exact_name,20
DB00641,Simvastatin,CHEMBL1064,SIMVASTATIN,mapped_exact_name,10
DB00645,Dyclonine,CHEMBL1201217,DYCLONINE,mapped_exact_name,2
DB00647,Dextropropoxyphene,,,ambiguous,3
DB00651,Dyphylline,CHEMBL1752,DYPHYLLINE,mapped_exact_name,3
DB00652,Pentazocine,CHEMBL100116,PENTAZOCINE,mapped_exact_name,10
DB00655,Estrone,CHEMBL1405,ESTRONE,mapped_exact_name,20
DB00656,Trazodone,CHEMBL621,TRAZODONE,mapped_exact_name,2
DB00668,Epinephrine,CHEMBL679,EPINEPHRINE,mapped_exact_name,14
DB00669,Sumatriptan,CHEMBL128,SUMATRIPTAN,mapped_exact_name,18
DB00674,Galantamine,CHEMBL659,GALANTAMINE,mapped_exact_name,11
DB00675,Tamoxifen,CHEMBL83,TAMOXIFEN,mapped_exact_name,20
DB00679,Thioridazine,CHEMBL479,THIORIDAZINE,mapped_exact_name,10
DB00684,Tobramycin,CHEMBL1747,TOBRAMYCIN,mapped_exact_name,20
DB00690,Flurazepam,CHEMBL968,FLURAZEPAM,mapped_exact_name,3
DB00694,Daunorubicin,CHEMBL178,DAUNORUBICIN,mapped_exact_name,20
DB00696,Ergotamine,CHEMBL442,ERGOTAMINE,mapped_exact_name,2
DB00704,Naltrexone,CHEMBL19019,NALTREXONE,mapped_exact_name,20
DB00714,Apomorphine,CHEMBL53,APOMORPHINE,mapped_exact_name,20
DB00715,Paroxetine,CHEMBL490,PAROXETINE,mapped_exact_name,13
DB00717,Norethisterone,,,ambiguous,4
DB00725,Homatropine methylbromide,CHEMBL1200851,HOMATROPINE METHYLBROMIDE,mapped_exact_name,18
DB00726,Trimipramine,CHEMBL644,TRIMIPRAMINE,mapped_exact_name,5
DB00734,Risperidone,CHEMBL85,RISPERIDONE,mapped_exact_name,4
DB00741,Hydrocortisone,CHEMBL389621,HYDROCORTISONE,mapped_exact_name,20
DB00742,Mannitol,CHEMBL689,MANNITOL,mapped_exact_name,20
DB00744,Zileuton,CHEMBL93,ZILEUTON,mapped_exact_name,3
DB00745,Modafinil,CHEMBL1373,MODAFINIL,mapped_exact_name,5
DB00747,Scopolamine,CHEMBL569713,SCOPOLAMINE,mapped_exact_name,20
DB00748,Carbinoxamine,CHEMBL864,CARBINOXAMINE,mapped_exact_name,6
DB00750,Prilocaine,CHEMBL1194,PRILOCAINE,mapped_exact_name,2
DB00752,Tranylcypromine,CHEMBL3989843,TRANYLCYPROMINE,mapped_exact_name,10
DB00754,Ethotoin,CHEMBL1095,ETHOTOIN,mapped,1
DB00755,Tretinoin,CHEMBL38,TRETINOIN,mapped_exact_name,3
DB00759,Tetracycline,CHEMBL1440,TETRACYCLINE,mapped_exact_name,20
DB00760,Meropenem,CHEMBL127,MEROPENEM,mapped_exact_name,2
DB00761,Potassium chloride,CHEMBL1200731,POTASSIUM CHLORIDE,mapped_exact_name,20
DB00765,Metyrosine,CHEMBL1200862,METYROSINE,mapped_exact_name,2
DB00771,Clidinium,CHEMBL620,CLIDINIUM,mapped_exact_name,2
DB00774,Hydroflumethiazide,CHEMBL1763,HYDROFLUMETHIAZIDE,mapped,1
DB00775,Tirofiban,CHEMBL916,TIROFIBAN,mapped_exact_name,3
DB00776,Oxcarbazepine,CHEMBL1068,OXCARBAZEPINE,mapped,1
DB00777,Propiomazine,CHEMBL1201210,PROPIOMAZINE,mapped_exact_name,3
DB00779,Nalidixic acid,CHEMBL5,NALIDIXIC ACID,mapped_exact_name,20
DB00780,Phenelzine,CHEMBL1089,PHENELZINE,mapped_exact_name,2
DB00783,Estradiol,,,ambiguous,20
DB00787,Acyclovir,CHEMBL184,ACYCLOVIR,mapped_exact_name,20
DB00788,Naproxen,CHEMBL154,NAPROXEN,mapped_exact_name,12
DB00794,Primidone,CHEMBL856,PRIMIDONE,mapped,1
DB00804,Dicyclomine,CHEMBL1123,DICYCLOMINE,mapped_exact_name,2
DB00810,Biperiden,CHEMBL1101,BIPERIDEN,mapped_exact_name,5
DB00813,Fentanyl,CHEMBL596,FENTANYL,mapped_exact_name,20
DB00814,Meloxicam,CHEMBL599,MELOXICAM,mapped_exact_name,4
DB00816,Orciprenaline,,,ambiguous,4
DB00818,Propofol,CHEMBL526,PROPOFOL,mapped_exact_name,5
DB00819,Acetazolamide,CHEMBL20,ACETAZOLAMIDE,mapped_exact_name,5
DB00820,Tadalafil,CHEMBL779,TADALAFIL,mapped_exact_name,4
DB00822,Disulfiram,CHEMBL964,DISULFIRAM,mapped_exact_name,2
DB00823,Ethynodiol diacetate,CHEMBL1200624,ETHYNODIOL DIACETATE,mapped_exact_name,20
DB00829,Diazepam,CHEMBL12,DIAZEPAM,mapped_exact_name,20
DB00830,Phenmetrazine,CHEMBL1201208,PHENMETRAZINE,mapped_exact_name,2
DB00831,Trifluoperazine,CHEMBL422,TRIFLUOPERAZINE,mapped_exact_name,4
DB00832,Phensuximide,CHEMBL797,PHENSUXIMIDE,mapped,1
DB00835,Brompheniramine,CHEMBL811,BROMPHENIRAMINE,mapped_exact_name,4
DB00842,Oxazepam,CHEMBL568,OXAZEPAM,mapped_exact_name,10
DB00843,Donepezil,CHEMBL502,DONEPEZIL,mapped_exact_name,4
DB00844,Nalbuphine,CHEMBL895,NALBUPHINE,mapped_exact_name,20
DB00847,Cysteamine,CHEMBL602,CYSTEAMINE,mapped_exact_name,14
DB00849,Methylphenobarbital,,,ambiguous,3
DB00850,Perphenazine,CHEMBL567,PERPHENAZINE,mapped_exact_name,3
DB00852,Pseudoephedrine,CHEMBL1590,PSEUDOEPHEDRINE,mapped_exact_name,5
DB00854,Levorphanol,CHEMBL592,LEVORPHANOL,mapped_exact_name,10
DB00860,Prednisolone,CHEMBL131,PREDNISOLONE,mapped_exact_name,20
DB00862,Vardenafil,CHEMBL1520,VARDENAFIL,mapped_exact_name,7
DB00864,Tacrolimus,CHEMBL3989887,TACROLIMUS,mapped_exact_name,10
DB00865,Benzphetamine,CHEMBL3545985,BENZPHETAMINE,mapped_exact_name,2
DB00867,Ritodrine,CHEMBL83063,RITODRINE,mapped_exact_name,5
DB00871,Terbutaline,CHEMBL1760,TERBUTALINE,mapped_exact_name,3
DB00874,Guaifenesin,CHEMBL980,GUAIFENESIN,mapped_exact_name,2
DB00875,Flupentixol,CHEMBL6066864,FLUPENTIXOL,mapped_exact_name,4
DB00877,Sirolimus,CHEMBL413,SIROLIMUS,mapped_exact_name,12
DB00879,Emtricitabine,CHEMBL885,EMTRICITABINE,mapped_exact_name,3
DB00880,Chlorothiazide,CHEMBL842,CHLOROTHIAZIDE,mapped_exact_name,2
DB00882,Clomifene,,,ambiguous,20
DB00883,Isosorbide dinitrate,CHEMBL6622,ISOSORBIDE DINITRATE,mapped_exact_name,20
DB00897,Triazolam,CHEMBL646,TRIAZOLAM,mapped,1
DB00904,Ondansetron,CHEMBL46,ONDANSETRON,mapped_exact_name,6
DB00906,Tiagabine,CHEMBL1027,TIAGABINE,mapped_exact_name,2
DB00907,Cocaine,CHEMBL370805,COCAINE,mapped_exact_name,20
DB00909,Zonisamide,CHEMBL750,ZONISAMIDE,mapped_exact_name,3
DB00911,Tinidazole,CHEMBL1220,TINIDAZOLE,mapped,1
DB00915,Amantadine,CHEMBL660,AMANTADINE,mapped_exact_name,5
DB00916,Metronidazole,CHEMBL137,METRONIDAZOLE,mapped_exact_name,20
DB00917,Dinoprostone,CHEMBL548,DINOPROSTONE,mapped,1
DB00918,Almotriptan,CHEMBL1505,ALMOTRIPTAN,mapped_exact_name,2
DB00929,Misoprostol,CHEMBL606,MISOPROSTOL,mapped_exact_name,3
DB00933,Mesoridazine,CHEMBL1088,MESORIDAZINE,mapped_exact_name,2
DB00934,Maprotiline,CHEMBL21731,MAPROTILINE,mapped_exact_name,3
DB00937,Diethylpropion,CHEMBL1194666,DIETHYLPROPION,mapped_exact_name,8
DB00938,Salmeterol,CHEMBL1263,SALMETEROL,mapped_exact_name,3
DB00942,Cycrimine,CHEMBL1201227,CYCRIMINE,mapped_exact_name,4
DB00945,Acetylsalicylic acid,,,ambiguous,20
DB00949,Felbamate,CHEMBL1094,FELBAMATE,mapped_exact_name,2
DB00952,Naratriptan,CHEMBL1278,NARATRIPTAN,mapped_exact_name,2
DB00953,Rizatriptan,CHEMBL905,RIZATRIPTAN,mapped_exact_name,3
DB00955,Netilmicin,CHEMBL1572,NETILMICIN,mapped_exact_name,3
DB00956,Hydrocodone,CHEMBL1457,HYDROCODONE,mapped_exact_name,7
DB00957,Norgestimate,CHEMBL1200934,NORGESTIMATE,mapped_exact_name,4
DB00959,Methylprednisolone,CHEMBL650,METHYLPREDNISOLONE,mapped_exact_name,13
DB00960,Pindolol,CHEMBL500,PINDOLOL,mapped_exact_name,4
DB00962,Zaleplon,CHEMBL1521,ZALEPLON,mapped_exact_name,2
DB00966,Telmisartan,CHEMBL1017,TELMISARTAN,mapped_exact_name,3
DB00968,Methyldopa,CHEMBL459,METHYLDOPA,mapped_exact_name,9
DB00974,Edetic acid,CHEMBL858,EDETIC ACID,mapped_exact_name,20
DB00975,Dipyridamole,CHEMBL932,DIPYRIDAMOLE,mapped,1
DB00977,Ethinylestradiol,,,ambiguous,6
DB00980,Ramelteon,CHEMBL1218,RAMELTEON,mapped_exact_name,2
DB00981,Physostigmine,CHEMBL94,PHYSOSTIGMINE,mapped_exact_name,20
DB00982,Isotretinoin,CHEMBL547,ISOTRETINOIN,mapped_exact_name,3
DB00983,Formoterol,CHEMBL1256786,FORMOTEROL,mapped_exact_name,10
DB00989,Rivastigmine,CHEMBL636,RIVASTIGMINE,mapped_exact_name,3
DB00996,Gabapentin,CHEMBL940,GABAPENTIN,mapped_exact_name,3
DB00998,Frovatriptan,CHEMBL1279,FROVATRIPTAN,mapped_exact_name,3
DB00999,Hydrochlorothiazide,CHEMBL435,HYDROCHLOROTHIAZIDE,mapped_exact_name,8
DB01001,Salbutamol,,,ambiguous,9
DB01008,Busulfan,CHEMBL820,BUSULFAN,mapped_exact_name,2
DB01012,Cinacalcet,CHEMBL1201284,CINACALCET,mapped_exact_name,2
DB01018,Guanfacine,CHEMBL862,GUANFACINE,mapped_exact_name,2
DB01019,Bethanechol,CHEMBL1482,BETHANECHOL,mapped_exact_name,2
DB01021,Trichlormethiazide,CHEMBL1054,TRICHLORMETHIAZIDE,mapped_exact_name,2
DB01037,Selegiline,CHEMBL972,SELEGILINE,mapped_exact_name,5
DB01041,Thalidomide,CHEMBL468,THALIDOMIDE,mapped_exact_name,20
DB01045,Rifampicin,,,ambiguous,2
DB01050,Ibuprofen,CHEMBL521,IBUPROFEN,mapped_exact_name,20
DB01057,Echothiophate,CHEMBL1201341,ECHOTHIOPHATE,mapped_exact_name,2
DB01058,Praziquantel,CHEMBL976,PRAZIQUANTEL,mapped_exact_name,4
DB01059,Norfloxacin,CHEMBL9,NORFLOXACIN,mapped_exact_name,11
DB01063,Acetophenazine,CHEMBL1085,ACETOPHENAZINE,mapped_exact_name,2
DB01065,Melatonin,CHEMBL45,MELATONIN,mapped_exact_name,14
DB01068,Clonazepam,CHEMBL452,CLONAZEPAM,mapped_exact_name,2
DB01076,Atorvastatin,CHEMBL1487,ATORVASTATIN,mapped_exact_name,5
DB01079,Tegaserod,CHEMBL76370,TEGASEROD,mapped_exact_name,4
DB01082,Streptomycin,CHEMBL372795,STREPTOMYCIN,mapped_exact_name,6
DB01086,Benzocaine,CHEMBL278172,BENZOCAINE,mapped,1
DB01095,Fluvastatin,CHEMBL2220442,FLUVASTATIN,mapped_exact_name,7
DB01098,Rosuvastatin,CHEMBL1496,ROSUVASTATIN,mapped_exact_name,3
DB01100,Pimozide,CHEMBL1423,PIMOZIDE,mapped_exact_name,2
DB01104,Sertraline,CHEMBL809,SERTRALINE,mapped_exact_name,6
DB01105,Sibutramine,CHEMBL1419,SIBUTRAMINE,mapped_exact_name,3
DB01114,Chlorpheniramine,CHEMBL505,CHLORPHENIRAMINE,mapped_exact_name,10
DB01121,Phenacemide,CHEMBL918,PHENACEMIDE,mapped,1
DB01122,Ambenonium,CHEMBL1652,AMBENONIUM,mapped_exact_name,3
DB01137,Levofloxacin,CHEMBL5315124,LEVOFLOXACIN,mapped_exact_name,5
DB01142,Doxepin,CHEMBL1628227,DOXEPIN,mapped_exact_name,6
DB01143,Amifostine,CHEMBL1006,AMIFOSTINE,mapped_exact_name,3
DB01149,Nefazodone,CHEMBL623,NEFAZODONE,mapped_exact_name,2
DB01151,Desipramine,CHEMBL72,DESIPRAMINE,mapped_exact_name,3
DB01155,Gemifloxacin,CHEMBL430,GEMIFLOXACIN,mapped_exact_name,3
DB01156,Bupropion,CHEMBL894,BUPROPION,mapped_exact_name,7
DB01165,Ofloxacin,CHEMBL4,OFLOXACIN,mapped_exact_name,8
DB01171,Moclobemide,CHEMBL86304,MOCLOBEMIDE,mapped,1
DB01172,Kanamycin,CHEMBL1384,KANAMYCIN,mapped_exact_name,20
DB01173,Orphenadrine,CHEMBL900,ORPHENADRINE,mapped_exact_name,6
DB01174,Phenobarbital,CHEMBL40,PHENOBARBITAL,mapped_exact_name,7
DB01175,Escitalopram,CHEMBL1508,ESCITALOPRAM,mapped_exact_name,3
DB01176,Cyclizine,CHEMBL648,CYCLIZINE,mapped_exact_name,4
DB01183,Naloxone,CHEMBL80,NALOXONE,mapped_exact_name,10
DB01185,Fluoxymesterone,CHEMBL1445,FLUOXYMESTERONE,mapped,1
DB01186,Pergolide,CHEMBL531,PERGOLIDE,mapped_exact_name,4
DB01192,Oxymorphone,CHEMBL963,OXYMORPHONE,mapped_exact_name,14
DB01193,Acebutolol,CHEMBL642,ACEBUTOLOL,mapped_exact_name,4
DB01196,Estramustine,CHEMBL1575,ESTRAMUSTINE,mapped_exact_name,3
DB01198,Zopiclone,CHEMBL135400,ZOPICLONE,mapped_exact_name,9
DB01200,Bromocriptine,CHEMBL493,BROMOCRIPTINE,mapped_exact_name,7
DB01202,Levetiracetam,CHEMBL1286,LEVETIRACETAM,mapped_exact_name,3
DB01203,Nadolol,CHEMBL521606,NADOLOL,mapped_exact_name,3
DB01204,Mitoxantrone,CHEMBL58,MITOXANTRONE,mapped_exact_name,7
DB01205,Flumazenil,CHEMBL407,FLUMAZENIL,mapped_exact_name,7
DB01215,Estazolam,CHEMBL285674,ESTAZOLAM,mapped,1
DB01221,Ketamine,CHEMBL742,KETAMINE,mapped_exact_name,7
DB01222,Budesonide,CHEMBL1370,BUDESONIDE,mapped_exact_name,6
DB01224,Quetiapine,CHEMBL716,QUETIAPINE,mapped_exact_name,4
DB01229,Paclitaxel,CHEMBL428647,PACLITAXEL,mapped_exact_name,20
DB01233,Metoclopramide,CHEMBL86,METOCLOPRAMIDE,mapped_exact_name,3
DB01234,Dexamethasone,CHEMBL384467,DEXAMETHASONE,mapped_exact_name,18
DB01235,Levodopa,CHEMBL1009,LEVODOPA,mapped_exact_name,7
DB01236,Sevoflurane,CHEMBL1200694,SEVOFLURANE,mapped_exact_name,2
DB01237,Bromodiphenhydramine,CHEMBL1201245,BROMODIPHENHYDRAMINE,mapped_exact_name,2
DB01238,Aripiprazole,CHEMBL1112,ARIPIPRAZOLE,mapped_exact_name,4
DB01239,Chlorprothixene,CHEMBL908,CHLORPROTHIXENE,mapped_exact_name,4
DB01242,Clomipramine,CHEMBL415,CLOMIPRAMINE,mapped_exact_name,2
DB01246,Alimemazine,,,ambiguous,4
DB01247,Isocarboxazid,CHEMBL1201168,ISOCARBOXAZID,mapped,1
DB01253,Ergometrine,,,ambiguous,2
DB01255,Lisdexamfetamine,CHEMBL1201222,LISDEXAMFETAMINE,mapped_exact_name,2
DB01260,Desonide,CHEMBL1201109,DESONIDE,mapped_exact_name,3
DB01267,Paliperidone,CHEMBL1621,PALIPERIDONE,mapped_exact_name,4
DB01268,Sunitinib,CHEMBL535,SUNITINIB,mapped_exact_name,12
DB01273,Varenicline,CHEMBL1076903,VARENICLINE,mapped_exact_name,5
DB01275,Hydralazine,CHEMBL276832,HYDRALAZINE,mapped_exact_name,7
DB01280,Nelarabine,CHEMBL1201112,NELARABINE,mapped,1
DB01294,Bismuth subsalicylate,CHEMBL1120,BISMUTH SUBSALICYLATE,mapped_exact_name,20
DB01299,Sulfadoxine,CHEMBL1539,SULFADOXINE,mapped_exact_name,2
DB01320,Fosphenytoin,CHEMBL1201336,FOSPHENYTOIN,mapped_exact_name,3
DB01324,Polythiazide,CHEMBL1587,POLYTHIAZIDE,mapped,1
DB01325,Quinethazone,CHEMBL1532,QUINETHAZONE,mapped_exact_name,2
DB01351,Amobarbital,CHEMBL267894,AMOBARBITAL,mapped_exact_name,2
DB01353,Butobarbital,CHEMBL404422,BUTETHAL,mapped,1
DB01357,Mestranol,CHEMBL1201151,MESTRANOL,mapped_exact_name,3
DB01359,Penbutolol,CHEMBL1290,PENBUTOLOL,mapped_exact_name,3
DB01364,Ephedrine,CHEMBL211456,EPHEDRINE,mapped_exact_name,8
DB01367,Rasagiline,CHEMBL887,RASAGILINE,mapped_exact_name,5
DB01377,Magnesium oxide,CHEMBL1200572,MAGNESIUM OXIDE,mapped_exact_name,20
DB01380,Cortisone acetate,CHEMBL1650,CORTISONE ACETATE,mapped_exact_name,20
DB01392,Yohimbine,CHEMBL15245,YOHIMBINE,mapped_exact_name,5
DB01395,Drospirenone,CHEMBL1509,DROSPIRENONE,mapped,1
DB01397,Magnesium salicylate,,,ambiguous,20
DB01400,Neostigmine,CHEMBL278020,NEOSTIGMINE,mapped_exact_name,4
DB01403,Methotrimeprazine,,,ambiguous,3
DB01406,Danazol,CHEMBL1479,DANAZOL,mapped_exact_name,3
DB01413,Cefepime,CHEMBL186,CEFEPIME,mapped_exact_name,4
DB01435,Antipyrine,CHEMBL277474,ANTIPYRINE,mapped_exact_name,20
DB01438,Phenazopyridine,CHEMBL1242,PHENAZOPYRIDINE,mapped_exact_name,2
DB01545,Ethyl loflazepate,CHEMBL1213460,ETHYL LOFLAZEPATE,mapped_exact_name,20
DB01551,Dihydrocodeine,CHEMBL1595,DIHYDROCODEINE,mapped_exact_name,5
DB01576,Dextroamphetamine,CHEMBL612,DEXTROAMPHETAMINE,mapped_exact_name,11
DB01577,Metamfetamine,,,ambiguous,2
DB01588,Prazepam,CHEMBL969,PRAZEPAM,mapped,1
DB01589,Quazepam,CHEMBL1200472,QUAZEPAM,mapped,1
DB01597,Cilastatin,CHEMBL766,CILASTATIN,mapped_exact_name,3
DB01598,Imipenem,CHEMBL43708,IMIPENEM,mapped_exact_name,3
DB01618,Molindone,CHEMBL460,MOLINDONE,mapped_exact_name,2
DB01620,Pheniramine,CHEMBL1193,PHENIRAMINE,mapped_exact_name,4
DB01623,Thiothixene,CHEMBL1201,THIOTHIXENE,mapped_exact_name,4
DB01624,Zuclopenthixol,CHEMBL53904,ZUCLOPENTHIXOL,mapped_exact_name,3
DB01625,Isopropamide,CHEMBL1201232,ISOPROPAMIDE,mapped_exact_name,3
DB01656,Roflumilast,CHEMBL193240,ROFLUMILAST,mapped_exact_name,2
DB02703,Fusidic acid,CHEMBL374975,FUSIDIC ACID,mapped_exact_name,20
DB03255,Phenol,CHEMBL14060,PHENOL,mapped_exact_name,20
DB03754,Tromethamine,CHEMBL1200391,TROMETHAMINE,mapped_exact_name,20
DB03783,Phenacetin,CHEMBL16073,PHENACETIN,mapped_exact_name,3
DB04272,Citric acid,CHEMBL1261,CITRIC ACID,mapped_exact_name,20
DB04575,Quinestrol,CHEMBL1201165,QUINESTROL,mapped_exact_name,3
DB04818,Iproniazid,CHEMBL92401,IPRONIAZID,mapped_exact_name,3
DB04836,Amineptine,CHEMBL418995,AMINEPTINE,mapped_exact_name,2
DB04842,Fluspirilene,CHEMBL46516,FLUSPIRILENE,mapped,1
DB04844,Tetrabenazine,CHEMBL117785,TETRABENAZINE,mapped_exact_name,3
DB04854,Febuxostat,CHEMBL1164729,FEBUXOSTAT,mapped_exact_name,2
DB04896,Milnacipran,CHEMBL259209,MILNACIPRAN,mapped_exact_name,16
DB04946,Iloperidone,CHEMBL14376,ILOPERIDONE,mapped,1
DB05039,Indacaterol,CHEMBL1095777,INDACATEROL,mapped_exact_name,5
DB05246,Methsuximide,CHEMBL697,METHSUXIMIDE,mapped,1
DB05271,Rotigotine,CHEMBL1303,ROTIGOTINE,mapped_exact_name,2
DB05316,Pimavanserin,CHEMBL2111101,PIMAVANSERIN,mapped_exact_name,3
DB05382,Iodine,CHEMBL1201225,IODINE,mapped_exact_name,20
DB06016,Cariprazine,CHEMBL2028019,CARIPRAZINE,mapped_exact_name,2
DB06077,Lumateperone,CHEMBL3306803,LUMATEPERONE,mapped_exact_name,2
DB06144,Sertindole,CHEMBL12713,SERTINDOLE,mapped,1
DB06148,Mianserin,CHEMBL6437,MIANSERIN,mapped_exact_name,4
DB06174,Noscapine,CHEMBL364713,NOSCAPINE,mapped_exact_name,10
DB06201,Rufinamide,CHEMBL1201754,RUFINAMIDE,mapped_exact_name,2
DB06209,Prasugrel,CHEMBL1201772,PRASUGREL,mapped_exact_name,4
DB06213,Regadenoson,CHEMBL3989695,REGADENOSON,mapped_exact_name,3
DB06216,Asenapine,CHEMBL3187365,ASENAPINE,mapped_exact_name,2
DB06262,Droxidopa,CHEMBL2103827,DROXIDOPA,mapped_exact_name,2
DB06287,Temsirolimus,CHEMBL1201182,TEMSIROLIMUS,mapped,1
DB06413,Armodafinil,CHEMBL1201192,ARMODAFINIL,mapped,1
DB06594,Agomelatine,CHEMBL10878,AGOMELATINE,mapped,1
DB06637,Dalfampridine,CHEMBL284348,DALFAMPRIDINE,mapped,1
DB06654,Safinamide,CHEMBL396778,SAFINAMIDE,mapped_exact_name,3
DB06684,Vilazodone,CHEMBL439849,VILAZODONE,mapped_exact_name,2
DB06691,Mepyramine,,,ambiguous,2
DB06700,Desvenlafaxine,CHEMBL1118,DESVENLAFAXINE,mapped_exact_name,4
DB06701,Dexmethylphenidate,CHEMBL827,DEXMETHYLPHENIDATE,mapped_exact_name,2
DB06706,Isometheptene,CHEMBL1697841,ISOMETHEPTENE,mapped_exact_name,7
DB06709,Methacholine,CHEMBL978,METHACHOLINE,mapped_exact_name,4
DB06710,Methyltestosterone,CHEMBL1395,METHYLTESTOSTERONE,mapped_exact_name,4
DB06713,Norelgestromin,CHEMBL1200807,NORELGESTROMIN,mapped_exact_name,2
DB06715,Potassium Iodide,CHEMBL1141,POTASSIUM IODIDE,mapped_exact_name,20
DB06767,Ammonium chloride,CHEMBL1200939,AMMONIUM CHLORIDE,mapped_exact_name,20
DB06774,Capsaicin,CHEMBL294199,CAPSAICIN,mapped_exact_name,4
DB06789,Hydroxyprogesterone caproate,CHEMBL1200848,HYDROXYPROGESTERONE CAPROATE,mapped_exact_name,19
DB06812,Povidone-iodine,CHEMBL1201724,POVIDONE-IODINE,mapped_exact_name,20
DB08604,Triclosan,CHEMBL849,TRICLOSAN,mapped_exact_name,9
DB08797,Salicylamide,CHEMBL27577,SALICYLAMIDE,mapped_exact_name,20
DB08815,Lurasidone,CHEMBL1237021,LURASIDONE,mapped_exact_name,4
DB08842,Acetylcarnitine,CHEMBL1697733,ACETYLCARNITINE,mapped,1
DB08872,Gabapentin enacarbil,CHEMBL1628502,GABAPENTIN ENACARBIL,mapped_exact_name,3
DB08880,Teriflunomide,CHEMBL973,TERIFLUNOMIDE,mapped,1
DB08918,Levomilnacipran,CHEMBL99946,LEVOMILNACIPRAN,mapped_exact_name,2
DB08922,Perospirone,CHEMBL1472975,PEROSPIRONE,mapped_exact_name,2
DB08936,Chlorcyclizine,CHEMBL22150,CHLORCYCLIZINE,mapped_exact_name,2
DB08949,Inositol nicotinate,,,ambiguous,20
DB08987,Etidocaine,CHEMBL492,ETIDOCAINE,mapped_exact_name,2
DB08988,Ethoheptazine,CHEMBL170797,ETHOHEPTAZINE,mapped_exact_name,3
DB08998,Demexiptiline,CHEMBL2107576,DEMEXIPTILINE,mapped,1
DB09009,Articaine,CHEMBL1093,ARTICAINE,mapped_exact_name,3
DB09014,Captodiame,CHEMBL2110809,CAPTODIAME,mapped_exact_name,2
DB09016,Butriptyline,CHEMBL2110816,BUTRIPTYLINE,mapped_exact_name,2
DB09020,Bisacodyl,CHEMBL942,BISACODYL,mapped_exact_name,4
DB09030,Vorapaxar,CHEMBL493982,VORAPAXAR,mapped_exact_name,4
DB09068,Vortioxetine,CHEMBL2104993,VORTIOXETINE,mapped_exact_name,5
DB09072,Sodium oxybate,CHEMBL1200682,SODIUM OXYBATE,mapped_exact_name,20
DB09085,Tetracaine,CHEMBL698,TETRACAINE,mapped_exact_name,3
DB09123,Dienogest,CHEMBL1201864,DIENOGEST,mapped,1
DB09128,Brexpiprazole,CHEMBL2105760,BREXPIPRAZOLE,mapped,1
DB09167,Dosulepin,,,ambiguous,2
DB09223,Blonanserin,CHEMBL178803,BLONANSERIN,mapped,1
DB09244,Pirlindole,CHEMBL32350,PIRLINDOLE,mapped_exact_name,3
DB09245,Toloxatone,CHEMBL18116,TOLOXATONE,mapped,1
DB09247,Iproclozide,CHEMBL91238,IPROCLOZIDE,mapped,1
DB09248,Mebanazine,CHEMBL1909283,MEBANAZINE,mapped_exact_name,2
DB09254,Caroxazone,CHEMBL2104164,CAROXAZONE,mapped,1
DB09269,Phenylacetic acid,CHEMBL1044,PHENYLACETIC ACID,mapped_exact_name,20
DB09287,Polyethylene glycol,CHEMBL1201478,POLYETHYLENE GLYCOL,mapped_exact_name,20
DB09304,Setiptiline,CHEMBL2104895,SETIPTILINE,mapped,1
DB09322,Zinc sulfate,CHEMBL1200929,ZINC SULFATE,mapped_exact_name,20
DB09449,"Sodium phosphate, monobasic",CHEMBL1368,"SODIUM PHOSPHATE, MONOBASIC",mapped_exact_name,20
DB09472,Sodium sulfate,CHEMBL3989856,SODIUM SULFATE,mapped_exact_name,20
DB09481,Magnesium carbonate,CHEMBL1200736,MAGNESIUM CARBONATE,mapped_exact_name,20
DB09543,Methyl salicylate,CHEMBL108545,METHYL SALICYLATE,mapped_exact_name,20
DB11061,Povidone,CHEMBL2108139,POVIDONE,mapped_exact_name,5
DB11077,Polyethylene glycol 400,,,ambiguous,20
DB11085,Resorcinol,CHEMBL24147,RESORCINOL,mapped_exact_name,20
DB11126,Calcium gluconate,CHEMBL2106119,CALCIUM GLUCONATE,mapped_exact_name,20
DB11148,Butamben,CHEMBL127516,BUTAMBEN,mapped_exact_name,2
DB11160,Phenyltoloxamine,CHEMBL186720,PHENYLTOLOXAMINE,mapped_exact_name,4
DB11161,Polyethylene glycol 300,,,ambiguous,20
DB11181,Homatropine,CHEMBL1618018,HOMATROPINE,mapped_exact_name,5
DB11236,Polyethylene glycol 3500,,,ambiguous,20
DB11248,Zinc gluconate,CHEMBL3833377,ZINC GLUCONATE,mapped_exact_name,20
DB11256,Levomefolic acid,CHEMBL1231574,LEVOMEFOLIC ACID,mapped_exact_name,20
DB11275,Epicriptine,CHEMBL2106411,EPICRIPTINE,mapped,1
DB11315,Methscopolamine,CHEMBL376897,METHSCOPOLAMINE,mapped_exact_name,3
DB11359,Guaiacol,CHEMBL13766,GUAIACOL,mapped_exact_name,12
DB11632,Opicapone,CHEMBL1089318,OPICAPONE,mapped,1
DB11732,Lasmiditan,CHEMBL3039520,LASMIDITAN,mapped_exact_name,2
DB11757,Istradefylline,CHEMBL431770,ISTRADEFYLLINE,mapped_exact_name,2
DB11823,Esketamine,CHEMBL395091,ESKETAMINE,mapped_exact_name,2
DB12184,Gepirone,CHEMBL284092,GEPIRONE,mapped_exact_name,2
DB12243,Edaravone,CHEMBL290916,EDARAVONE,mapped_exact_name,3
DB12457,Rimegepant,CHEMBL2178422,RIMEGEPANT,mapped_exact_name,2
DB12478,Piribedil,,,ambiguous,5
DB12612,Ozanimod,CHEMBL3707247,OZANIMOD,mapped_exact_name,2
DB12710,Perazine,CHEMBL1697766,PERAZINE,mapped_exact_name,4
DB12749,Butylphthalide,,,ambiguous,6
DB12789,Dinoprost,CHEMBL815,DINOPROST,mapped_exact_name,3
DB12930,Opipramol,CHEMBL370753,OPIPRAMOL,mapped_exact_name,2
DB13139,Levosalbutamol,CHEMBL1002,LEVOSALBUTAMOL,mapped_exact_name,4
DB13160,Alphaprodine,CHEMBL1623765,ALPHAPRODINE,mapped_exact_name,2
DB13178,Inositol,CHEMBL1222251,INOSITOL,mapped_exact_name,20
DB13247,Pramiracetam,CHEMBL159776,PRAMIRACETAM,mapped_exact_name,3
DB13313,Melevodopa,CHEMBL1328898,MELEVODOPA,mapped_exact_name,2
DB13396,Neocitrullamon,,,not_found,0
DB13403,Oxypertine,CHEMBL2107011,OXYPERTINE,mapped_exact_name,2
DB13411,Lofepramine,CHEMBL87708,LOFEPRAMINE,mapped_exact_name,2
DB13463,Oxetorone,CHEMBL3989752,OXETORONE,mapped_exact_name,3
DB13526,Pentaerithrityl,CHEMBL466659,PENTAERYTHRITOL TETRANITRATE,mapped,1
DB13668,Ipidacrine,CHEMBL130880,IPIDACRINE,mapped_exact_name,2
DB13676,Mosapramine,CHEMBL2106650,MOSAPRAMINE,mapped,1
DB13679,Dexchlorpheniramine,CHEMBL1201353,DEXCHLORPHENIRAMINE,mapped_exact_name,4
DB13719,Trolnitrate,CHEMBL2111164,TROLNITRATE,mapped_exact_name,2
DB13799,Ethadione,CHEMBL93047,ETHADIONE,mapped,1
DB13943,Testosterone cypionate,CHEMBL1201101,TESTOSTERONE CYPIONATE,mapped_exact_name,20
DB13944,Testosterone enanthate,CHEMBL1200335,TESTOSTERONE ENANTHATE,mapped_exact_name,20
DB13954,Estradiol cypionate,CHEMBL1200973,ESTRADIOL CYPIONATE,mapped_exact_name,20
DB13956,Estradiol valerate,CHEMBL1511,ESTRADIOL VALERATE,mapped_exact_name,20
DB14039,Erenumab,CHEMBL3833329,ERENUMAB,mapped,1
DB14040,Eptinezumab,CHEMBL3833320,EPTINEZUMAB,mapped,1
DB14041,Fremanezumab,CHEMBL4297756,FREMANEZUMAB,mapped,1
DB14042,Galcanezumab,CHEMBL3707328,GALCANEZUMAB,mapped,1
DB14123,Racementhol,CHEMBL2106989,RACEMENTHOL,mapped_exact_name,2
DB14126,Tenofovir,CHEMBL3989702,TENOFOVIR,mapped_exact_name,17
DB14185,Aripiprazole lauroxil,CHEMBL2219425,ARIPIPRAZOLE LAUROXIL,mapped_exact_name,4
DB14478,Povidone K30,,,ambiguous,13
DB14491,Ferrous fumarate,CHEMBL1200640,FERROUS FUMARATE,mapped_exact_name,20
DB14507,Lithium citrate,CHEMBL2103738,LITHIUM CITRATE,mapped_exact_name,20
DB14509,Lithium carbonate,CHEMBL1200826,LITHIUM CARBONATE,mapped_exact_name,20
DB14512,Mometasone furoate,CHEMBL1161,MOMETASONE FUROATE,mapped_exact_name,20
DB14539,Hydrocortisone acetate,CHEMBL1091,HYDROCORTISONE ACETATE,mapped_exact_name,20
DB15328,Ubrogepant,CHEMBL2364638,UBROGEPANT,mapped,1
